subnational1,year,loss_ha,loss_rate_%,emission_CO2e
Aceh,2001,18278.0,0.3666814585728993,36491661.44
Aceh,2002,10952.0,0.2197119670801178,21865448.96
Aceh,2003,11816.0,0.2370449783618217,23590407.68
Aceh,2004,19138.0,0.3839342244320028,38208634.24
Aceh,2005,26479.0,0.5312046362595362,52864793.92
Aceh,2006,21284.0,0.426985893657161,42493080.32
Aceh,2007,24168.0,0.4848428433521081,48250928.64
Aceh,2008,36734.0,0.7369338384515202,73338696.32
Aceh,2009,69111.0,1.386460350335466,137978729.28
Aceh,2010,40757.0,0.8176406722319541,81370535.36
Aceh,2011,47485.0,0.9526134730459638,94802852.8
Aceh,2012,49396.0,0.9909507236933438,98618126.08
Aceh,2013,41390.0,0.8303395103584804,82634307.2
Aceh,2014,58555.0,1.174692680092796,116903886.4
Aceh,2015,33969.0,0.6814641900789374,67818429.12
Aceh,2016,50074.0,1.004552322824125,99971739.52
Aceh,2017,45813.0,0.9190708863989624,91464738.24
Aceh,2018,46111.0,0.9250491703826984,92059689.28
Aceh,2019,28562.0,0.5729924400787367,57023461.76
Aceh,2020,30225.0,0.6063544745248869,60343608.0
Aceh,2021,31786.0,0.6376702506947248,63460113.28
Aceh,2022,29785.0,0.597527478038834,59465156.8
Aceh,2023,38983.0,0.7820518273086408,77828779.84
Aceh,2024,46071.0,0.9242467161566936,91979830.08
Bali,2001,424.0,0.1160102329780976,764035.28
Bali,2002,311.0,0.0850924114532744,560412.67
Bali,2003,179.0,0.0489760181676402,322552.63
Bali,2004,370.0,0.1012353448157927,666728.9
Bali,2005,236.0,0.0645717334500732,425264.92
Bali,2006,515.0,0.1409086556219817,928014.55
Bali,2007,504.0,0.1378989561815122,908192.88
Bali,2008,229.0,0.0626564701697744,412651.13
Bali,2009,377.0,0.1031506080960915,679342.69
Bali,2010,198.0,0.0541745899284512,356790.06
Bali,2011,216.0,0.0590995526492195,389225.52
Bali,2012,743.0,0.2032915167517134,1338863.71
Bali,2013,396.0,0.1083491798569024,713580.12
Bali,2014,907.0,0.2481633993187135,1634386.79
Bali,2015,133.0,0.0363900023256768,239662.01
Bali,2016,156.0,0.0426830102466585,281107.32
Bali,2017,263.0,0.0719591775312256,473918.11
Bali,2018,302.0,0.0826299300928902,544194.94
Bali,2019,706.0,0.1931679822701342,1272190.82
Bali,2020,165.0,0.0451454916070427,297325.05
Bali,2021,199.0,0.0544481989684939,358592.03
Bali,2022,262.0,0.0716855684911829,472116.14
Bali,2023,558.0,0.1526738443438171,1005499.26
Bali,2024,168.0,0.0459663187271707,302730.96
Bangka Belitung,2001,13910.0,1.0436322303043488,14447065.1
Bangka Belitung,2002,11247.0,0.843834054222359,11681246.67
Bangka Belitung,2003,7124.0,0.5344957590717601,7399057.64
Bangka Belitung,2004,21976.0,1.648803874419006,22824493.36
Bangka Belitung,2005,19839.0,1.4884701521932406,20604983.79
Bangka Belitung,2006,20241.0,1.5186311986765153,21022505.01
Bangka Belitung,2007,23237.0,1.7434135252036058,24134180.57
Bangka Belitung,2008,22678.0,1.701473164546515,23553597.58
Bangka Belitung,2009,63896.0,4.793955786306735,66363024.56
Bangka Belitung,2010,23187.0,1.7396621512629,24082250.07
Bangka Belitung,2011,32400.0,2.4308903135773474,33650964.0
Bangka Belitung,2012,39451.0,2.959909066695677,40974203.11
Bangka Belitung,2013,17575.0,1.318607940158083,18253570.75
Bangka Belitung,2014,41246.0,3.094583391167015,42838508.06
Bangka Belitung,2015,41281.0,3.097209352925509,42874859.41
Bangka Belitung,2016,58203.0,4.366824349417974,60450217.83
Bangka Belitung,2017,25558.0,1.9175523035311683,26544794.38
Bangka Belitung,2018,22426.0,1.682566239885358,23291867.86
Bangka Belitung,2019,25529.0,1.915376506645559,26514674.69
Bangka Belitung,2020,24628.0,1.8477767482340408,25578887.08
Bangka Belitung,2021,31006.0,2.3263020081104706,32203141.66
Bangka Belitung,2022,34052.0,2.5548357085782665,35366747.72
Bangka Belitung,2023,50388.0,3.780484602485661,52333480.68
Bangka Belitung,2024,31059.0,2.330278464487619,32258187.99
Banten,2001,1054.0,0.1876369669748256,1984376.34
Banten,2002,1761.0,0.313499714271981,3315452.31
Banten,2003,293.0,0.0521609405347475,551634.03
Banten,2004,1404.0,0.2499452577159917,2643324.84
Banten,2005,545.0,0.097022909868387,1026076.95
Banten,2006,1938.0,0.3450099070182278,3648691.98
Banten,2007,1060.0,0.1887051091018171,1995672.6
Banten,2008,930.0,0.1655620296836697,1750920.3
Banten,2009,2754.0,0.4902772362890606,5184983.34
Banten,2010,1633.0,0.2907126822294975,3074465.43
Banten,2011,2329.0,0.4146171689605019,4384831.59
Banten,2012,3286.0,0.584985838215633,6186585.06
Banten,2013,1830.0,0.3257833487323823,3445359.3
Banten,2014,2275.0,0.4050038898175791,4283165.25
Banten,2015,2663.0,0.4740770806963574,5013656.73
Banten,2016,1969.0,0.3505286413410168,3707055.99
Banten,2017,3495.0,0.6221927889725006,6580071.45
Banten,2018,3401.0,0.6054585623163018,6403096.71
Banten,2019,4715.0,0.8393816881274222,8876977.65
Banten,2020,2042.0,0.3635243705527457,3844493.82
Banten,2021,1915.0,0.3409153621980941,3605389.65
Banten,2022,1546.0,0.2752246213881219,2910669.66
Banten,2023,3744.0,0.6665206872426446,7048866.24
Banten,2024,3256.0,0.5796451275806759,6130103.76
Bengkulu,2001,14198.0,0.7908868092691623,26001223.34
Bengkulu,2002,10421.0,0.5804924242424242,19084289.93
Bengkulu,2003,8104.0,0.4514260249554367,14841098.32
Bengkulu,2004,25985.0,1.4474710338680927,47587110.05
Bengkulu,2005,13142.0,0.7320632798573975,24067338.86
Bengkulu,2006,23589.0,1.3140040106951871,43199243.37
Bengkulu,2007,17580.0,0.97927807486631,32194781.4
Bengkulu,2008,22353.0,1.245153743315508,40935719.49
Bengkulu,2009,18756.0,1.0447860962566846,34348425.48
Bengkulu,2010,16012.0,0.891934046345811,29323255.96
Bengkulu,2011,24563.0,1.3682598039215688,44982958.79
Bengkulu,2012,27761.0,1.5464015151515151,50839552.13
Bengkulu,2013,14153.0,0.7883801247771836,25918813.49
Bengkulu,2014,20320.0,1.1319073083778963,37212625.6
Bengkulu,2015,20197.0,1.125055704099822,36987372.01
Bengkulu,2016,24378.0,1.3579545454545454,44644162.74
Bengkulu,2017,27232.0,1.516934046345811,49870778.56
Bengkulu,2018,24624.0,1.3716577540106951,45094669.92
Bengkulu,2019,18200.0,1.013814616755793,33330206.0
Bengkulu,2020,16311.0,0.9085895721925136,29870823.63
Bengkulu,2021,14326.0,0.7980169340463459,26235633.58
Bengkulu,2022,23800.0,1.3257575757575757,43585654.0
Bengkulu,2023,29912.0,1.6662210338680927,54778742.96
Bengkulu,2024,20998.0,1.169674688057041,38454267.34
Gorontalo,2001,3499.0,0.3488850932636959,5483247.91
Gorontalo,2002,8013.0,0.7989757794575579,12557092.17
Gorontalo,2003,2806.0,0.2797861022286169,4397254.54
Gorontalo,2004,6949.0,0.6928843992824872,10889708.41
Gorontalo,2005,4241.0,0.4228698715436794,6646028.69
Gorontalo,2006,5250.0,0.5234772048112042,8227222.5
Gorontalo,2007,4329.0,0.4316443465957529,6783932.609999999
Gorontalo,2008,1794.0,0.1788796391297715,2811359.46
Gorontalo,2009,11263.0,1.1230330967216369,17650134.669999998
Gorontalo,2010,1570.0,0.1565446117244934,2460331.3
Gorontalo,2011,2979.0,0.2970359225014433,4668361.11
Gorontalo,2012,3927.0,0.3915609491987807,6153962.43
Gorontalo,2013,5938.0,0.5920776461274153,9305380.42
Gorontalo,2014,10353.0,1.0322970478876947,16224082.77
Gorontalo,2015,13286.0,1.324746312975554,20820357.74
Gorontalo,2016,10910.0,1.0878354865695692,17096951.9
Gorontalo,2017,7869.0,0.784617547554165,12331431.21
Gorontalo,2018,8007.0,0.7983775197949166,12547689.63
Gorontalo,2019,10959.0,1.0927212738144736,17173739.31
Gorontalo,2020,3030.0,0.302121129633895,4748282.7
Gorontalo,2021,2199.0,0.2192621663580644,3446030.91
Gorontalo,2022,2819.0,0.2810823314976732,4417626.71
Gorontalo,2023,8242.0,0.8218093565817038,12915955.78
Gorontalo,2024,4643.0,0.4629532689406517,7275998.87
Jakarta Raya,2001,4.0,0.3072196620583717,1321.2
Jakarta Raya,2002,0.0,0.0,0.0
Jakarta Raya,2003,0.0,0.0,0.0
Jakarta Raya,2004,1.0,0.0768049155145929,330.3
Jakarta Raya,2005,0.0,0.0,0.0
Jakarta Raya,2006,4.0,0.3072196620583717,1321.2
Jakarta Raya,2007,2.0,0.1536098310291858,660.6
Jakarta Raya,2008,2.0,0.1536098310291858,660.6
Jakarta Raya,2009,0.0,0.0,0.0
Jakarta Raya,2010,2.0,0.1536098310291858,660.6
Jakarta Raya,2011,4.0,0.3072196620583717,1321.2
Jakarta Raya,2012,1.0,0.0768049155145929,330.3
Jakarta Raya,2013,0.0,0.0,0.0
Jakarta Raya,2014,0.0,0.0,0.0
Jakarta Raya,2015,0.0,0.0,0.0
Jakarta Raya,2016,0.0,0.0,0.0
Jakarta Raya,2017,1.0,0.0768049155145929,330.3
Jakarta Raya,2018,0.0,0.0,0.0
Jakarta Raya,2019,0.0,0.0,0.0
Jakarta Raya,2020,0.0,0.0,0.0
Jakarta Raya,2021,1.0,0.0768049155145929,330.3
Jakarta Raya,2022,0.0,0.0,0.0
Jakarta Raya,2023,0.0,0.0,0.0
Jakarta Raya,2024,0.0,0.0,0.0
Jambi,2001,46911.0,1.0461435123982423,104675328.96
Jambi,2002,45074.0,1.005177307621632,100576320.64
Jambi,2003,21497.0,0.4793960283520926,47967545.92
Jambi,2004,97086.0,2.165076187774632,216633816.96
Jambi,2005,71003.0,1.5834096013901302,158433254.07999998
Jambi,2006,119577.0,2.6666390139209275,266819334.72
Jambi,2007,118972.0,2.653147150072343,265469361.92
Jambi,2008,124204.0,2.7698238966108435,277143837.44
Jambi,2009,125511.0,2.798970782644066,280060224.96
Jambi,2010,36678.0,0.8179414582452459,81841822.08
Jambi,2011,48905.0,1.090610911595064,109124660.8
Jambi,2012,152388.0,3.3983440465422468,340032487.68
Jambi,2013,66707.0,1.4876062177644809,148847331.52
Jambi,2014,77432.0,1.7267801678075654,172778667.52
Jambi,2015,60611.0,1.3516617516141174,135244960.96
Jambi,2016,157246.0,3.5066803681561685,350872434.56
Jambi,2017,86203.0,1.9223787427099333,192349926.08
Jambi,2018,69978.0,1.5605514849524462,156146110.07999998
Jambi,2019,67673.0,1.5091485987194102,151002825.28
Jambi,2020,78387.0,1.7480772421470665,174909616.32
Jambi,2021,73131.0,1.630865281174903,163181588.16
Jambi,2022,75657.0,1.6871966003179175,168818003.52
Jambi,2023,93816.0,2.092153221188069,209337269.76
Jambi,2024,91324.0,2.036580122492744,203776720.64
Jawa Barat,2001,6798.0,0.3386824366402782,11925459.48
Jawa Barat,2002,3851.0,0.1918602623568272,6755655.26
Jawa Barat,2003,1979.0,0.0985955490013401,3471680.54
Jawa Barat,2004,3659.0,0.1822946507306234,6418837.34
Jawa Barat,2005,2327.0,0.1159332200738345,4082163.02
Jawa Barat,2006,5244.0,0.2612607675406912,9199339.44
Jawa Barat,2007,3055.0,0.1522028308231906,5359264.3
Jawa Barat,2008,5116.0,0.254883693123222,8974794.16
Jawa Barat,2009,2886.0,0.1437830997563758,5062794.36
Jawa Barat,2010,2632.0,0.1311285927092104,4617212.32
Jawa Barat,2011,5421.0,0.2700790657585978,9509843.46
Jawa Barat,2012,3753.0,0.1869778147559523,6583737.78
Jawa Barat,2013,2565.0,0.1277905928188163,4499676.9
Jawa Barat,2014,3758.0,0.1872269192253847,6592509.08
Jawa Barat,2015,3502.0,0.1744727703904463,6143418.52
Jawa Barat,2016,3657.0,0.1821950089428504,6415328.82
Jawa Barat,2017,5646.0,0.2812887668830554,9904551.96
Jawa Barat,2018,4509.0,0.2246424105341298,7909958.34
Jawa Barat,2019,6974.0,0.3474509139642983,12234209.24
Jawa Barat,2020,3459.0,0.1723304719533278,6067985.34
Jawa Barat,2021,2568.0,0.1279400555004758,4504939.68
Jawa Barat,2022,2575.0,0.1282888017576811,4517219.5
Jawa Barat,2023,5561.0,0.2770539909027047,9755439.86
Jawa Barat,2024,4421.0,0.2202581718721197,7755583.46
Jawa Tengah,2001,2676.0,0.1775686237038187,4566727.8
Jawa Tengah,2002,1899.0,0.1260100210812973,3240738.45
Jawa Tengah,2003,791.0,0.0524875864535577,1349881.05
Jawa Tengah,2004,3568.0,0.2367581649384249,6088970.399999999
Jawa Tengah,2005,1703.0,0.1130042474467874,2906254.65
Jawa Tengah,2006,3474.0,0.2305207020728946,5928554.7
Jawa Tengah,2007,2898.0,0.1922996530245391,4945581.899999999
Jawa Tengah,2008,2657.0,0.1763078599331264,4534303.35
Jawa Tengah,2009,3054.0,0.2026511871418021,5211803.7
Jawa Tengah,2010,1323.0,0.0877889720329417,2257765.65
Jawa Tengah,2011,4500.0,0.2986019456902781,7679475.0
Jawa Tengah,2012,2450.0,0.1625721704313736,4181047.5
Jawa Tengah,2013,1180.0,0.078300065758784,2013729.0
Jawa Tengah,2014,2883.0,0.1913043132055715,4919983.649999999
Jawa Tengah,2015,1808.0,0.1199716261795606,3085442.4
Jawa Tengah,2016,2285.0,0.1516234324227301,3899466.75
Jawa Tengah,2017,3457.0,0.2293926502780647,5899543.35
Jawa Tengah,2018,2573.0,0.1707339569469079,4390953.15
Jawa Tengah,2019,2769.0,0.1837397305814178,4725436.95
Jawa Tengah,2020,2752.0,0.1826116787865878,4696425.6
Jawa Tengah,2021,2109.0,0.1399447785468437,3599113.95
Jawa Tengah,2022,2085.0,0.1383522348364955,3558156.75
Jawa Tengah,2023,4726.0,0.3135983989627232,8065155.3
Jawa Tengah,2024,2774.0,0.1840715105210736,4733969.7
Jawa Timur,2001,4227.0,0.2204936512225478,7089482.13
Jawa Timur,2002,4052.0,0.2113650993029959,6795973.88
Jawa Timur,2003,2910.0,0.1517947776336915,4880622.899999999
Jawa Timur,2004,6465.0,0.3372347894851601,10843033.35
Jawa Timur,2005,2820.0,0.1471000937893505,4729675.8
Jawa Timur,2006,5746.0,0.2997294818842583,9637133.74
Jawa Timur,2007,4430.0,0.231082771449228,7429951.7
Jawa Timur,2008,3993.0,0.2082874732272613,6697019.67
Jawa Timur,2009,4277.0,0.2231018089138484,7173341.63
Jawa Timur,2010,1648.0,0.0859648775052658,2764009.12
Jawa Timur,2011,5849.0,0.3051022867283374,9809884.31
Jawa Timur,2012,8314.0,0.4336844609094542,13944157.66
Jawa Timur,2013,2754.0,0.1436573256368338,4618981.26
Jawa Timur,2014,6771.0,0.3531967145559194,11356253.49
Jawa Timur,2015,2901.0,0.1513253092492574,4865528.19
Jawa Timur,2016,3188.0,0.1662961343973225,5346881.72
Jawa Timur,2017,4713.0,0.2458449439819891,7904596.47
Jawa Timur,2018,4290.0,0.2237799299135865,7195145.1
Jawa Timur,2019,5112.0,0.2666580423585674,8573795.28
Jawa Timur,2020,4919.0,0.2565905536701473,8250097.609999999
Jawa Timur,2021,3520.0,0.1836143014675581,5903708.8
Jawa Timur,2022,2918.0,0.1522120828642996,4894040.42
Jawa Timur,2023,6319.0,0.3296189690265625,10598163.61
Jawa Timur,2024,4505.0,0.2349950079861788,7555740.95
Kalimantan Barat,2001,77940.0,0.5713909101925831,169335561.6
Kalimantan Barat,2002,96866.0,0.7101405171505614,210454946.24
Kalimantan Barat,2003,55967.0,0.4103032469944611,121596142.88
Kalimantan Barat,2004,113923.0,0.835188178879518,247513666.72
Kalimantan Barat,2005,104566.0,0.766590478768253,227184274.24
Kalimantan Barat,2006,130920.0,0.9597959707776876,284442028.8
Kalimantan Barat,2007,132081.0,0.9683074520034202,286964463.84
Kalimantan Barat,2008,202683.0,1.4859022818907277,440357193.12
Kalimantan Barat,2009,288604.0,2.115803210741856,627032594.56
Kalimantan Barat,2010,152522.0,1.1181637721887754,331375398.08
Kalimantan Barat,2011,262481.0,1.924291217580952,570276719.84
Kalimantan Barat,2012,312530.0,2.291208636932102,679015179.1999999
Kalimantan Barat,2013,199514.0,1.4626698236613167,433472096.96
Kalimantan Barat,2014,291474.0,2.136843650981177,633268071.36
Kalimantan Barat,2015,267806.0,1.9633296650633167,581846027.84
Kalimantan Barat,2016,286374.0,2.0994547153642644,622187607.36
Kalimantan Barat,2017,181330.0,1.329359940277407,393964811.2
Kalimantan Barat,2018,159317.0,1.1679790305254267,346138486.88
Kalimantan Barat,2019,143107.0,1.049140864574416,310919992.48
Kalimantan Barat,2020,121935.0,0.8939254636173033,264920858.4
Kalimantan Barat,2021,109033.0,0.7993387876703607,236889457.12
Kalimantan Barat,2022,137501.0,1.0080423600511978,298740172.64
Kalimantan Barat,2023,206711.0,1.515432209864242,449108587.04
Kalimantan Barat,2024,173923.0,1.275058009666726,377872066.72
Kalimantan Selatan,2001,18967.0,0.6730640935015089,28539644.9
Kalimantan Selatan,2002,24324.0,0.8631629150804399,36600322.8
Kalimantan Selatan,2003,18403.0,0.6530499558553419,27690994.1
Kalimantan Selatan,2004,41871.0,1.4858368038699676,63003293.7
Kalimantan Selatan,2005,25392.0,0.9010620267933944,38207342.4
Kalimantan Selatan,2006,54016.0,1.91681499839603,81277875.2
Kalimantan Selatan,2007,29584.0,1.049819588872707,44515044.8
Kalimantan Selatan,2008,18696.0,0.6634473713346449,28131871.2
Kalimantan Selatan,2009,60466.0,2.145700083179324,90983190.2
Kalimantan Selatan,2010,26199.0,0.9296992769360484,39421635.3
Kalimantan Selatan,2011,48257.0,1.7124507808352567,72612307.9
Kalimantan Selatan,2012,66809.0,2.3707881595793907,100527502.3
Kalimantan Selatan,2013,35960.0,1.2760787052414329,54109012.0
Kalimantan Selatan,2014,66373.0,2.3553162375692334,99871453.1
Kalimantan Selatan,2015,73379.0,2.603931571521444,110413381.3
Kalimantan Selatan,2016,65747.0,2.333101964224374,98929510.9
Kalimantan Selatan,2017,37465.0,1.3294852250242015,56373585.5
Kalimantan Selatan,2018,37578.0,1.3334951497653662,56543616.6
Kalimantan Selatan,2019,44331.0,1.5731325106245264,66704855.7
Kalimantan Selatan,2020,21000.0,0.7452072527828169,31598700.0
Kalimantan Selatan,2021,21668.0,0.7689119406332416,32603839.6
Kalimantan Selatan,2022,17769.0,0.630551794033232,26737014.3
Kalimantan Selatan,2023,51434.0,1.8251899923634,77392739.8
Kalimantan Selatan,2024,27839.0,0.9878964147724208,41889343.3
Kalimantan Tengah,2001,64076.0,0.450576866510591,125810022.2
Kalimantan Tengah,2002,102874.0,0.7234010326083173,201987955.3
Kalimantan Tengah,2003,129122.0,0.9079746887692824,253524590.9
Kalimantan Tengah,2004,169837.0,1.1942790323609347,333466457.65
Kalimantan Tengah,2005,158552.0,1.1149238925492733,311308924.4
Kalimantan Tengah,2006,221893.0,1.5603323029002212,435675810.85
Kalimantan Tengah,2007,291717.0,2.051328606153163,572771743.65
Kalimantan Tengah,2008,204626.0,1.438912258670894,401772919.7
Kalimantan Tengah,2009,194376.0,1.3668351489615869,381647557.2
Kalimantan Tengah,2010,142342.0,1.0009365805114323,279481399.9
Kalimantan Tengah,2011,139335.0,0.9797916176923216,273577305.75
Kalimantan Tengah,2012,218881.0,1.5391521805153985,429761899.45
Kalimantan Tengah,2013,103285.0,0.7262911489098319,202794933.25
Kalimantan Tengah,2014,197213.0,1.3867846865464946,387217864.85
Kalimantan Tengah,2015,213840.0,1.503704306364704,419864148.0
Kalimantan Tengah,2016,492975.0,3.46655738136055,967931763.75
Kalimantan Tengah,2017,102894.0,0.7235416708711647,202027224.3
Kalimantan Tengah,2018,110369.0,0.7761052216103911,216704013.05
Kalimantan Tengah,2019,122143.0,0.8588989669486722,239821673.35
Kalimantan Tengah,2020,90490.0,0.6363178202531896,177672590.5
Kalimantan Tengah,2021,53159.0,0.3738094707353222,104375038.55
Kalimantan Tengah,2022,72734.0,0.5114591704972428,142809572.3
Kalimantan Tengah,2023,144866.0,1.018685129282778,284437147.7
Kalimantan Tengah,2024,118639.0,0.8342591432978027,232941744.55
Kalimantan Timur,2001,45977.0,0.3923608719854917,97866642.2
Kalimantan Timur,2002,57425.0,0.4900563993685291,122234855.0
Kalimantan Timur,2003,36975.0,0.3155391443909685,78704985.0
Kalimantan Timur,2004,71496.0,0.6101362181846297,152186385.6
Kalimantan Timur,2005,66742.0,0.5695662900592838,142067021.2
Kalimantan Timur,2006,128253.0,1.0944920050189286,272999335.8
Kalimantan Timur,2007,121912.0,1.040378855199236,259501883.2
Kalimantan Timur,2008,105149.0,0.8973259092242312,223820161.4
Kalimantan Timur,2009,211515.0,1.8050375152361249,450230829.0
Kalimantan Timur,2010,107241.0,0.9151787257236472,228273192.6
Kalimantan Timur,2011,182064.0,1.5537070665151396,387541430.4
Kalimantan Timur,2012,255656.0,2.181730236603582,544189361.6
Kalimantan Timur,2013,147487.0,1.2586320970599263,313940828.2
Kalimantan Timur,2014,211485.0,1.8047814997031504,450166971.0
Kalimantan Timur,2015,183872.0,1.5691362693023978,391389939.2
Kalimantan Timur,2016,313958.0,2.679270823386063,668290998.8
Kalimantan Timur,2017,134297.0,1.1460706010621742,285864594.2
Kalimantan Timur,2018,147742.0,1.2608082290902087,314483621.2
Kalimantan Timur,2019,132059.0,1.1269718423022828,281100787.4
Kalimantan Timur,2020,91821.0,0.7835867417747969,195450180.6
Kalimantan Timur,2021,74061.0,0.6320255462539422,157646244.6
Kalimantan Timur,2022,61563.0,0.5253694752168003,131043001.8
Kalimantan Timur,2023,134307.0,1.1461559395731655,285885880.2
Kalimantan Timur,2024,110376.0,0.9419323489194736,234946353.6
Kalimantan Utara,2001,27060.0,0.3957479182284767,61274393.4
Kalimantan Utara,2002,23604.0,0.345204503394862,53448661.56
Kalimantan Utara,2003,16648.0,0.2434741811776674,37697564.72
Kalimantan Utara,2004,36334.0,0.5313785979642821,82274346.26
Kalimantan Utara,2005,23948.0,0.3502354451491338,54227611.72
Kalimantan Utara,2006,24116.0,0.3526924167035456,54608029.24
Kalimantan Utara,2007,30813.0,0.4506349077743553,69772649.07
Kalimantan Utara,2008,39795.0,0.5819951369513019,90111400.05
Kalimantan Utara,2009,51702.0,0.7561329958702403,117073491.78
Kalimantan Utara,2010,29944.0,0.4379259299125465,67804894.16
Kalimantan Utara,2011,41756.0,0.6106744299167877,94551868.84
Kalimantan Utara,2012,60396.0,0.8832812738110525,136760098.44
Kalimantan Utara,2013,31842.0,0.4656838585451276,72102706.38
Kalimantan Utara,2014,59037.0,0.8634061289155426,133682792.43
Kalimantan Utara,2015,47844.0,0.6997103991028544,108337475.16
Kalimantan Utara,2016,38488.0,0.5628804832512052,87151842.32
Kalimantan Utara,2017,33775.0,0.4939536562515448,76479772.25
Kalimantan Utara,2018,36813.0,0.538383891860492,83358989.07
Kalimantan Utara,2019,29326.0,0.4288877845516743,66405501.14
Kalimantan Utara,2020,24481.0,0.3580304799021189,55434531.59
Kalimantan Utara,2021,19260.0,0.2816742389164989,43612151.4
Kalimantan Utara,2022,17636.0,0.2579235138905179,39934782.04
Kalimantan Utara,2023,26441.0,0.3866951480369236,59872735.99
Kalimantan Utara,2024,19954.0,0.2918238714091287,45183638.06
Kepulauan Riau,2001,1719.0,0.2492098930093653,2510874.54
Kepulauan Riau,2002,5529.0,0.8015599176549044,8075989.14
Kepulauan Riau,2003,1775.0,0.2573284235553364,2592671.5
Kepulauan Riau,2004,4533.0,0.6571660529444171,6621171.78
Kepulauan Riau,2005,8092.0,1.1731276638928354,11819660.72
Kepulauan Riau,2006,5433.0,0.787642436718954,7935765.78
Kepulauan Riau,2007,2688.0,0.3896894662066166,3926254.08
Kepulauan Riau,2008,8706.0,1.2621415523790194,12716505.96
Kepulauan Riau,2009,5234.0,0.7587926585288063,7645094.439999999
Kepulauan Riau,2010,4797.0,0.6954391255182812,7006786.02
Kepulauan Riau,2011,6945.0,1.0068427614601756,10144283.7
Kepulauan Riau,2012,9375.0,1.3591289976514251,13693687.5
Kepulauan Riau,2013,4763.0,0.6905100176867988,6957123.58
Kepulauan Riau,2014,19231.0,2.787990373742353,28089952.46
Kepulauan Riau,2015,5869.0,0.8508509959697295,8572613.54
Kepulauan Riau,2016,13058.0,1.8930673548087795,19073298.28
Kepulauan Riau,2017,7993.0,1.1587752616776363,11675055.38
Kepulauan Riau,2018,6266.0,0.9084055785902752,9152495.56
Kepulauan Riau,2019,8888.0,1.2885267766534256,12982346.08
Kepulauan Riau,2020,8779.0,1.272724636840732,12823134.14
Kepulauan Riau,2021,4391.0,0.6365797790599902,6413758.06
Kepulauan Riau,2022,2845.0,0.4124503464872858,4155577.7
Kepulauan Riau,2023,3343.0,0.4846472788425294,4882986.38
Kepulauan Riau,2024,2623.0,0.3802661718229,3831311.18
Lampung,2001,10335.0,0.5795984703311198,20557761.9
Lampung,2002,9346.0,0.5241342335476193,18590502.44
Lampung,2003,4981.0,0.2793401045688735,9907906.34
Lampung,2004,10520.0,0.5899734792339991,20925752.8
Lampung,2005,9319.0,0.522620043059091,18536795.66
Lampung,2006,14046.0,0.7877155408099573,27939460.44
Lampung,2007,15584.0,0.8739683175268671,30998757.76
Lampung,2008,16173.0,0.9070001026284664,32170361.22
Lampung,2009,23141.0,1.2977734109271837,46030688.74
Lampung,2010,14090.0,0.7901831104949665,28026982.6
Lampung,2011,16755.0,0.9396393198256324,33328040.7
Lampung,2012,30337.0,1.7013332166845845,60344540.18
Lampung,2013,5150.0,0.2888178154044767,10244071.0
Lampung,2014,11365.0,0.6373620334120151,22606576.1
Lampung,2015,14132.0,0.7925385179215659,28110526.48
Lampung,2016,16242.0,0.9108697005435944,32307611.88
Lampung,2017,11761.0,0.6595701605770973,23394275.54
Lampung,2018,10337.0,0.5797106325895294,20561740.18
Lampung,2019,13177.0,0.7389810395310271,26210897.78
Lampung,2020,9472.0,0.5312004558274181,18841134.08
Lampung,2021,7605.0,0.4264969876021448,15127409.7
Lampung,2022,7023.0,0.3938577704049786,13969730.22
Lampung,2023,21635.0,1.213315230344826,43035043.9
Lampung,2024,12943.0,0.725858055297115,25745439.02
Maluku,2001,4540.0,0.1094657492761758,9430578.8
Maluku,2002,14596.0,0.3519299727830534,30319103.12
Maluku,2003,4307.0,0.1038477934212531,8946586.54
Maluku,2004,7367.0,0.1776286728893364,15302879.74
Maluku,2005,5605.0,0.135144388698891,11642818.1
Maluku,2006,12417.0,0.2993912354101927,25792840.74
Maluku,2007,4456.0,0.1074403918005813,9256092.32
Maluku,2008,2934.0,0.0707428432546916,6094563.48
Maluku,2009,13425.0,0.3236955251173261,27886678.5
Maluku,2010,4397.0,0.1060178192879614,9133536.34
Maluku,2011,9380.0,0.226164918108046,19484323.6
Maluku,2012,11375.0,0.274267158153414,23628377.5
Maluku,2013,4668.0,0.1125520082866054,9696462.96
Maluku,2014,15224.0,0.3670719310529737,31623597.28
Maluku,2015,48979.0,1.1809521880611928,101740158.38
Maluku,2016,27623.0,0.6660291612898248,57379048.06
Maluku,2017,7333.0,0.176808885339691,15232254.26
Maluku,2018,11187.0,0.2697342152318456,23237860.14
Maluku,2019,17179.0,0.4142097151575825,35684562.38
Maluku,2020,5660.0,0.136470515617435,11757065.2
Maluku,2021,3727.0,0.0898631822802439,7741798.939999999
Maluku,2022,5059.0,0.1219795651075272,10508655.98
Maluku,2023,14304.0,0.3448894444155108,29712554.88
Maluku,2024,5198.0,0.1253310495016656,10797389.56
Maluku Utara,2001,7354.0,0.2392898745957062,15896627.02
Maluku Utara,2002,23402.0,0.7614715318586778,50586465.26
Maluku Utara,2003,10039.0,0.3266563844256587,21700603.57
Maluku Utara,2004,12043.0,0.3918640141087965,26032510.09
Maluku Utara,2005,6418.0,0.2088336164203484,13873341.34
Maluku Utara,2006,16112.0,0.524264136454449,34828182.56
Maluku Utara,2007,5353.0,0.1741798611246689,11571205.39
Maluku Utara,2008,4956.0,0.1612619823900353,10713038.28
Maluku Utara,2009,13474.0,0.4384269472807377,29125802.62
Maluku Utara,2010,6067.0,0.1974125196045892,13114609.21
Maluku Utara,2011,5746.0,0.1869675849098351,12420725.98
Maluku Utara,2012,9010.0,0.2931740236751853,19476286.3
Maluku Utara,2013,6781.0,0.2206451780845096,14658013.03
Maluku Utara,2014,17979.0,0.5850139591183303,38863945.77
Maluku Utara,2015,45451.0,1.4789181520600274,98248245.13
Maluku Utara,2016,26859.0,0.8739579469358272,58059220.17
Maluku Utara,2017,10589.0,0.3445526899774181,22889500.07
Maluku Utara,2018,12375.0,0.4026668749145858,26750171.25
Maluku Utara,2019,14166.0,0.4609437535385877,30621650.58
Maluku Utara,2020,7423.0,0.2415350474740178,16045779.49
Maluku Utara,2021,6041.0,0.1965665124330515,13058406.83
Maluku Utara,2022,6358.0,0.2068812921783383,13743643.54
Maluku Utara,2023,11895.0,0.3870482809785049,25712588.85
Maluku Utara,2024,7303.0,0.2376303989899976,15786383.89
Nusa Tenggara Barat,2001,2882.0,0.2539905242674638,5975971.1
Nusa Tenggara Barat,2002,2675.0,0.2357476240164697,5546746.25
Nusa Tenggara Barat,2003,1719.0,0.1514953890408641,3564432.45
Nusa Tenggara Barat,2004,4554.0,0.4013438055218703,9442946.7
Nusa Tenggara Barat,2005,2035.0,0.1793444541583237,4219674.25
Nusa Tenggara Barat,2006,2486.0,0.2190910629177359,5154845.3
Nusa Tenggara Barat,2007,1993.0,0.1756429961363828,4132585.15
Nusa Tenggara Barat,2008,2735.0,0.2410354211906709,5671159.25
Nusa Tenggara Barat,2009,1952.0,0.1720296680673453,4047569.6
Nusa Tenggara Barat,2010,1146.0,0.1009969260272427,2376288.3
Nusa Tenggara Barat,2011,2327.0,0.2050784004061028,4825150.85
Nusa Tenggara Barat,2012,3118.0,0.2747891931526551,6465328.899999999
Nusa Tenggara Barat,2013,1540.0,0.1357201274711638,3193267.0
Nusa Tenggara Barat,2014,7148.0,0.6299529033531684,14821735.4
Nusa Tenggara Barat,2015,4435.0,0.3908563411263712,9196194.25
Nusa Tenggara Barat,2016,4028.0,0.3549874502947066,8352259.399999999
Nusa Tenggara Barat,2017,6195.0,0.545965058236273,12845642.25
Nusa Tenggara Barat,2018,8144.0,0.7177303364449082,16886991.2
Nusa Tenggara Barat,2019,8705.0,0.7671712400236893,18050252.75
Nusa Tenggara Barat,2020,6598.0,0.5814814292563243,13681282.9
Nusa Tenggara Barat,2021,4816.0,0.4244338531825488,9986216.8
Nusa Tenggara Barat,2022,5616.0,0.4949378155052313,11645056.8
Nusa Tenggara Barat,2023,9928.0,0.8749541724244904,20586204.4
Nusa Tenggara Barat,2024,6153.0,0.5422636002143321,12758553.15
Nusa Tenggara Timur,2001,4725.0,0.2056074034330562,7421841.0
Nusa Tenggara Timur,2002,4608.0,0.2005161724909043,7238062.08
Nusa Tenggara Timur,2003,3848.0,0.1674449287641058,6044284.48
Nusa Tenggara Timur,2004,4686.0,0.2039103264523389,7360581.359999999
Nusa Tenggara Timur,2005,5052.0,0.2198367411944549,7935479.52
Nusa Tenggara Timur,2006,6987.0,0.3040378683146589,10974900.12
Nusa Tenggara Timur,2007,5033.0,0.219009960101285,7905635.08
Nusa Tenggara Timur,2008,4451.0,0.1936843497736578,6991452.76
Nusa Tenggara Timur,2009,5917.0,0.2574770383308769,9294186.92
Nusa Tenggara Timur,2010,1779.0,0.0774128191973348,2794382.04
Nusa Tenggara Timur,2011,7816.0,0.3401116328534957,12277060.16
Nusa Tenggara Timur,2012,4649.0,0.2023002790603763,7302463.24
Nusa Tenggara Timur,2013,2105.0,0.0915986421643562,3306449.8
Nusa Tenggara Timur,2014,9175.0,0.3992482384123366,14411723.0
Nusa Tenggara Timur,2015,7422.0,0.3229668038688133,11658180.72
Nusa Tenggara Timur,2016,7367.0,0.3205734901780582,11571788.92
Nusa Tenggara Timur,2017,10350.0,0.4503781218057421,16257366.0
Nusa Tenggara Timur,2018,5184.0,0.2255806940522673,8142819.84
Nusa Tenggara Timur,2019,7794.0,0.3391543073771936,12242503.44
Nusa Tenggara Timur,2020,6516.0,0.2835424001629194,10235072.16
Nusa Tenggara Timur,2021,9791.0,0.4260533517487943,15379311.16
Nusa Tenggara Timur,2022,7000.0,0.3046035606415647,10995320.0
Nusa Tenggara Timur,2023,8807.0,0.3832347940814657,13833683.32
Nusa Tenggara Timur,2024,6484.0,0.2821499267428436,10184807.84
Papua,2001,12589.0,0.0425767478940422,27351364.96
Papua,2002,20479.0,0.0692611978808556,44493494.56
Papua,2003,11731.0,0.03967494078521,25487239.84
Papua,2004,19129.0,0.0646954174648609,41560430.56
Papua,2005,14728.0,0.0498109733087182,31998641.92
Papua,2006,21300.0,0.0720378687856938,46277232.0
Papua,2007,21135.0,0.0714798289570722,45918746.4
Papua,2008,15555.0,0.0526079365709609,33795415.2
Papua,2009,23129.0,0.0782236557344747,50250990.56
Papua,2010,25679.0,0.0868479076313536,55791222.56
Papua,2011,23157.0,0.078318353402362,50311824.48
Papua,2012,46692.0,0.1579151253212026,101444906.88
Papua,2013,38013.0,0.1285622303357079,82588564.32
Papua,2014,58753.0,0.1987061457636558,127649117.92
Papua,2015,82032.0,0.2774371104332411,178226004.48
Papua,2016,83052.0,0.2808868111919926,180442097.28
Papua,2017,49615.0,0.167800885436723,107795533.6
Papua,2018,34778.0,0.1176212676351577,75560073.92
Papua,2019,34560.0,0.1168839786494637,75086438.4
Papua,2020,29911.0,0.1011607837206051,64985835.04
Papua,2021,26341.0,0.0890868310649747,57229510.24
Papua,2022,28605.0,0.0967438139255761,62148367.2
Papua,2023,22967.0,0.0776757620845554,49899022.88
Papua,2024,22586.0,0.0763871973893746,49071247.04
Papua Barat,2001,6078.0,0.0642735094795495,14365231.44
Papua Barat,2002,14749.0,0.1559674220654617,34858966.52
Papua Barat,2003,7247.0,0.076635426653224,17128139.56
Papua Barat,2004,12226.0,0.1292872535203969,28895906.48
Papua Barat,2005,7085.0,0.0749223123827917,16745255.8
Papua Barat,2006,11049.0,0.1168407381111455,26114090.52
Papua Barat,2007,6648.0,0.0703011337644036,15712415.04
Papua Barat,2008,7890.0,0.0834350098377173,18647857.2
Papua Barat,2009,14431.0,0.1526046422012799,34107379.88
Papua Barat,2010,11693.0,0.123650896075086,27636171.64
Papua Barat,2011,11549.0,0.1221281278347018,27295830.52
Papua Barat,2012,13560.0,0.143394009302845,32048788.8
Papua Barat,2013,7906.0,0.0836042063088711,18685672.88
Papua Barat,2014,17905.0,0.1893414260005486,42318109.4
Papua Barat,2015,42462.0,0.4490262848832893,100358087.76
Papua Barat,2016,26815.0,0.2835627108743206,63376716.2
Papua Barat,2017,15891.0,0.1680438201940641,37558060.68
Papua Barat,2018,20511.0,0.2168993012397237,48477338.28
Papua Barat,2019,16558.0,0.1750971980852881,39134501.84
Papua Barat,2020,16318.0,0.1725592510179811,38567266.64
Papua Barat,2021,12209.0,0.129107482269796,28855727.32
Papua Barat,2022,13752.0,0.1454243669566905,32502576.96
Papua Barat,2023,16565.0,0.1751712215414179,39151046.2
Papua Barat,2024,12150.0,0.1284835702824164,28716282.0
Riau,2001,156510.0,1.9940668516295008,257901873.3
Riau,2002,154561.0,1.9692349795840984,254690252.63
Riau,2003,57204.0,0.7288262742356013,94262467.32
Riau,2004,270588.0,3.4475149271530467,445883024.04
Riau,2005,355413.0,4.528255587107506,585660203.79
Riau,2006,202107.0,2.5750103455516165,333037977.81
Riau,2007,211991.0,2.7009406807474887,349325129.53
Riau,2008,204516.0,2.60570299806951,337007600.28
Riau,2009,247897.0,3.158412819106756,408492113.51
Riau,2010,341923.0,4.35638182933815,563430977.09
Riau,2011,255307.0,3.2528223480223177,420702533.81
Riau,2012,346655.0,4.416671423242122,571228508.65
Riau,2013,156345.0,1.9919646151556725,257629981.35
Riau,2014,282785.0,3.602914795463858,465981606.55
Riau,2015,90762.0,1.1563829505309358,149560346.46
Riau,2016,147085.0,1.8739845560790052,242371075.55
Riau,2017,123675.0,1.5757217933376686,203795375.25
Riau,2018,101107.0,1.2881868070264133,166607147.81
Riau,2019,102819.0,1.3099991030457712,169428232.77
Riau,2020,94605.0,1.205345949130464,155892957.15
Riau,2021,95679.0,1.2190295974510192,157662726.57
Riau,2022,86882.0,1.1069485413281854,143166766.06
Riau,2023,115270.0,1.4686351414435663,189945364.1
Riau,2024,100670.0,1.282619065577547,165887046.1
Sulawesi Barat,2001,16400.0,1.083320562481174,33885844.0
Sulawesi Barat,2002,12107.0,0.7997415884121691,25015604.47
Sulawesi Barat,2003,6885.0,0.4547964678465173,14225855.85
Sulawesi Barat,2004,15736.0,1.039459290927058,32513880.56
Sulawesi Barat,2005,9396.0,0.6206634149434824,19414109.16
Sulawesi Barat,2006,11481.0,0.7583904498686804,23722157.01
Sulawesi Barat,2007,4152.0,0.2742650594769411,8578903.92
Sulawesi Barat,2008,12540.0,0.8283438935069465,25910273.4
Sulawesi Barat,2009,11858.0,0.7832936115793757,24501118.18
Sulawesi Barat,2010,7196.0,0.4753399248545444,14868447.16
Sulawesi Barat,2011,13855.0,0.9152077069010162,28627339.55
Sulawesi Barat,2012,13555.0,0.8953908673434338,28007476.55
Sulawesi Barat,2013,8072.0,0.5332050963626852,16678447.12
Sulawesi Barat,2014,14213.0,0.938855802106398,29367042.73
Sulawesi Barat,2015,14055.0,0.9284189332727378,29040581.55
Sulawesi Barat,2016,13677.0,0.903449715430184,28259554.17
Sulawesi Barat,2017,12564.0,0.829929240671553,25959862.44
Sulawesi Barat,2018,12974.0,0.8570122547335823,26807008.54
Sulawesi Barat,2019,13036.0,0.8611077349088161,26935113.56
Sulawesi Barat,2020,8513.0,0.5623358505123314,17589645.73
Sulawesi Barat,2021,9848.0,0.6505207865435733,20348036.08
Sulawesi Barat,2022,10043.0,0.6634017322560019,20750947.03
Sulawesi Barat,2023,14697.0,0.9708269699259644,30367088.37
Sulawesi Barat,2024,8456.0,0.5585706509963907,17471871.759999998
Sulawesi Selatan,2001,8487.0,0.2793529623197717,17473629.69
Sulawesi Selatan,2002,12727.0,0.4189142395951143,26203238.49
Sulawesi Selatan,2003,5984.0,0.1969657271735023,12320278.08
Sulawesi Selatan,2004,17831.0,0.5869144186548663,36711710.97
Sulawesi Selatan,2005,8573.0,0.2821836863399791,17650692.509999998
Sulawesi Selatan,2006,13891.0,0.4572277600546658,28599763.17
Sulawesi Selatan,2007,9525.0,0.3135191429357636,19610736.75
Sulawesi Selatan,2008,8126.0,0.2674705045140174,16730377.62
Sulawesi Selatan,2009,23379.0,0.7695290333538287,48134321.73
Sulawesi Selatan,2010,8401.0,0.2765222382995643,17296566.87
Sulawesi Selatan,2011,14390.0,0.4736525424509857,29627139.3
Sulawesi Selatan,2012,16130.0,0.5309253307668101,33209573.1
Sulawesi Selatan,2013,9008.0,0.2965018834189353,18546300.96
Sulawesi Selatan,2014,21475.0,0.7068581201622597,44214233.25
Sulawesi Selatan,2015,28080.0,0.9242643079933064,57813069.6
Sulawesi Selatan,2016,30886.0,1.016624908001469,63590258.82
Sulawesi Selatan,2017,24051.0,0.7916481791861472,49517882.37
Sulawesi Selatan,2018,19442.0,0.6399411209403797,40028550.54
Sulawesi Selatan,2019,22925.0,0.7545854437587802,47199594.75
Sulawesi Selatan,2020,14268.0,0.4696368641897612,29375957.16
Sulawesi Selatan,2021,10243.0,0.3371523969649372,21089005.41
Sulawesi Selatan,2022,15943.0,0.5247701517926383,32824564.41
Sulawesi Selatan,2023,26949.0,0.8870369955880204,55484487.63
Sulawesi Selatan,2024,9599.0,0.3159548822089653,19763093.13
Sulawesi Tengah,2001,17547.0,0.3100707523955957,36320184.36
Sulawesi Tengah,2002,33169.0,0.5861250804245463,68655849.72
Sulawesi Tengah,2003,20131.0,0.3557322799610039,41668754.28
Sulawesi Tengah,2004,40160.0,0.7096621312023207,83126380.8
Sulawesi Tengah,2005,18074.0,0.319383300780646,37411011.12
Sulawesi Tengah,2006,30635.0,0.5413470963491807,63410773.8
Sulawesi Tengah,2007,20347.0,0.3595491878379885,42115848.36
Sulawesi Tengah,2008,16733.0,0.2956866643776999,34635302.04
Sulawesi Tengah,2009,52427.0,0.926430691049404,108517598.76
Sulawesi Tengah,2010,21980.0,0.3884057182227841,45495962.4
Sulawesi Tengah,2011,26195.0,0.4628884344333862,54220506.6
Sulawesi Tengah,2012,37172.0,0.6568615722373671,76941579.36
Sulawesi Tengah,2013,28515.0,0.5038848523713689,59022628.2
Sulawesi Tengah,2014,46762.0,0.8263252136275626,96791728.56
Sulawesi Tengah,2015,91932.0,1.624518402532165,190288208.16
Sulawesi Tengah,2016,74262.0,1.312274133151064,153713428.56
Sulawesi Tengah,2017,36947.0,0.6528856265321749,76475856.36
Sulawesi Tengah,2018,37525.0,0.6630993892770688,77672247.0
Sulawesi Tengah,2019,45513.0,0.8042542972462954,94206448.44
Sulawesi Tengah,2020,26788.0,0.473367260225293,55447945.44
Sulawesi Tengah,2021,22583.0,0.3990612527126994,46744100.04
Sulawesi Tengah,2022,24645.0,0.4354985862420615,51012192.6
Sulawesi Tengah,2023,43093.0,0.7614907923282273,89197338.84
Sulawesi Tengah,2024,28744.0,0.5079314815557645,59496630.72
Sulawesi Tenggara,2001,15947.0,0.5040397137906555,32247544.99
Sulawesi Tenggara,2002,15851.0,0.5010054244243859,32053416.67
Sulawesi Tenggara,2003,13418.0,0.4241051532979881,27133477.06
Sulawesi Tenggara,2004,41603.0,1.3149535469262332,84128338.51
Sulawesi Tenggara,2005,16418.0,0.5189266959939163,33199987.06
Sulawesi Tenggara,2006,44384.0,1.4028531170053586,89751993.28
Sulawesi Tenggara,2007,9984.0,0.315566094092049,20189345.28
Sulawesi Tenggara,2008,8700.0,0.2749824738181917,17592879.0
Sulawesi Tenggara,2009,30091.0,0.9510916804210584,60849117.47
Sulawesi Tenggara,2010,7630.0,0.241162790256644,15429157.1
Sulawesi Tenggara,2011,22949.0,0.7253531944429519,46406779.33
Sulawesi Tenggara,2012,23041.0,0.728261055085627,46592818.97
Sulawesi Tenggara,2013,15485.0,0.4894371962154826,31313302.45
Sulawesi Tenggara,2014,39717.0,1.2553424037513932,80314525.89
Sulawesi Tenggara,2015,43540.0,1.3761766563269042,88045281.8
Sulawesi Tenggara,2016,38445.0,1.2151380696483196,77742325.64999999
Sulawesi Tenggara,2017,27135.0,0.8576608536846704,54871582.95
Sulawesi Tenggara,2018,24214.0,0.7653362782797349,48964824.38
Sulawesi Tenggara,2019,34956.0,1.104860615492955,70686974.52
Sulawesi Tenggara,2020,18920.0,0.5980078626023203,38259456.4
Sulawesi Tenggara,2021,12405.0,0.392087079047663,25085018.85
Sulawesi Tenggara,2022,13369.0,0.4225564014339545,27034390.73
Sulawesi Tenggara,2023,34164.0,1.07982772822123,69085415.88
Sulawesi Tenggara,2024,16908.0,0.5344142146342512,34190850.36
Sulawesi Utara,2001,4520.0,0.3462253774009811,10915167.2
Sulawesi Utara,2002,7683.0,0.5885065430468446,18553369.38
Sulawesi Utara,2003,2910.0,0.2229017363355873,7027242.6
Sulawesi Utara,2004,6841.0,0.5240105767256884,16520057.26
Sulawesi Utara,2005,3473.0,0.2660267114410635,8386808.78
Sulawesi Utara,2006,4894.0,0.3748732294248675,11818324.84
Sulawesi Utara,2007,4278.0,0.3276885319737604,10330771.08
Sulawesi Utara,2008,1609.0,0.1232470425305704,3885509.74
Sulawesi Utara,2009,6999.0,0.5361131452277581,16901605.14
Sulawesi Utara,2010,2037.0,0.1560312154349111,4919069.82
Sulawesi Utara,2011,3116.0,0.2386810345091719,7524703.76
Sulawesi Utara,2012,2671.0,0.2045946865128363,6450091.06
Sulawesi Utara,2013,1715.0,0.1313664872218324,4141484.9
Sulawesi Utara,2014,6875.0,0.526614926909678,16602162.5
Sulawesi Utara,2015,15596.0,1.1946307491030312,37662156.56
Sulawesi Utara,2016,8782.0,0.6726883328175699,21207300.52
Sulawesi Utara,2017,5777.0,0.442509735673776,13950646.22
Sulawesi Utara,2018,7455.0,0.5710420771071492,18002781.3
Sulawesi Utara,2019,8921.0,0.6833355291579982,21542966.06
Sulawesi Utara,2020,3124.0,0.2392938227877577,7544022.64
Sulawesi Utara,2021,2824.0,0.2163142623407899,6819564.64
Sulawesi Utara,2022,2731.0,0.2091905986022299,6594982.66
Sulawesi Utara,2023,5793.0,0.4437353122309476,13989283.98
Sulawesi Utara,2024,3474.0,0.2661033099758868,8389223.64
Sumatera Barat,2001,15016.0,0.3940407890997443,38190342.96
Sumatera Barat,2002,15384.0,0.4036976225033608,39126281.04
Sumatera Barat,2003,9833.0,0.2580316382004386,25008367.23
Sumatera Barat,2004,26547.0,0.6966303162114353,67517250.57
Sumatera Barat,2005,29284.0,0.7684530146508334,74478290.03999999
Sumatera Barat,2006,32715.0,0.8584872413024864,83204386.64999999
Sumatera Barat,2007,31672.0,0.8311174661938666,80551714.32
Sumatera Barat,2008,34037.0,0.893178365649174,86566642.47
Sumatera Barat,2009,40537.0,1.063747433919575,103098157.47
Sumatera Barat,2010,22960.0,0.6025024319212926,58394397.6
Sumatera Barat,2011,42570.0,1.1170961901955323,108268706.7
Sumatera Barat,2012,36511.0,0.9580995771724004,92858791.41
Sumatera Barat,2013,22433.0,0.5886732166938309,57054073.23
Sumatera Barat,2014,30560.0,0.801937034822069,77723553.6
Sumatera Barat,2015,22500.0,0.5904313901667719,57224475.0
Sumatera Barat,2016,39172.0,1.0279279295827906,99626539.32
Sumatera Barat,2017,51512.0,1.3517467453453669,131010984.72
Sumatera Barat,2018,37400.0,0.9814281774327676,95119794.0
Sumatera Barat,2019,30977.0,0.8128796965864931,78784113.87
Sumatera Barat,2020,30395.0,0.7976072046275126,77303907.45
Sumatera Barat,2021,35801.0,0.939468186638249,91053041.31
Sumatera Barat,2022,35602.0,0.9342461490096629,90546922.62
Sumatera Barat,2023,35180.0,0.923172280269646,89473645.8
Sumatera Barat,2024,32209.0,0.8452090953725135,81917471.78999999
Sumatera Selatan,2001,59014.0,0.8385530349200062,90314435.46
Sumatera Selatan,2002,65958.0,0.937223050077164,100941463.62
Sumatera Selatan,2003,30693.0,0.4361288558782619,46972260.27
Sumatera Selatan,2004,102154.0,1.4515461878404836,156335460.06
Sumatera Selatan,2005,87403.0,1.2419434525894413,133760677.17
Sumatera Selatan,2006,170369.0,2.420839834722041,260731013.91
Sumatera Selatan,2007,173988.0,2.4722636228634225,266269495.32
Sumatera Selatan,2008,189246.0,2.6890705196473967,289620185.94
Sumatera Selatan,2009,201438.0,2.862311421835771,308278700.82
Sumatera Selatan,2010,120180.0,1.7076846805281174,183922270.2
Sumatera Selatan,2011,132284.0,1.8796751562571268,202446110.76
Sumatera Selatan,2012,361299.0,5.133838969796376,552928376.61
Sumatera Selatan,2013,100948.0,1.434409661590551,154489809.72
Sumatera Selatan,2014,159552.0,2.267136845961243,244176785.28
Sumatera Selatan,2015,169040.0,2.401955553307314,258697125.6
Sumatera Selatan,2016,275754.0,3.918296566769434,422011164.06
Sumatera Selatan,2017,124661.0,1.7713569642146418,190779947.79
Sumatera Selatan,2018,125458.0,1.7826818493068446,191999668.62
Sumatera Selatan,2019,102590.0,1.4577414825709734,157002710.1
Sumatera Selatan,2020,108366.0,1.539814928358379,165842242.74
Sumatera Selatan,2021,77866.0,1.1064284850557695,119165347.74
Sumatera Selatan,2022,87810.0,1.247726674964004,134383545.9
Sumatera Selatan,2023,139240.0,1.9785156841132887,213091503.6
Sumatera Selatan,2024,120445.0,1.711450169297796,184327823.55
Sumatera Utara,2001,54337.0,0.9392983396285124,114066403.88
Sumatera Utara,2002,39735.0,0.686880385835415,83413301.39999999
Sumatera Utara,2003,37482.0,0.6479338271519572,78683713.67999999
Sumatera Utara,2004,72385.0,1.2512856858864103,151953487.4
Sumatera Utara,2005,74515.0,1.2881060010199057,156424868.6
Sumatera Utara,2006,66724.0,1.1534266229893602,140069689.76
Sumatera Utara,2007,52432.0,0.906367494403485,110067351.68
Sumatera Utara,2008,65671.0,1.1352239038177308,137859190.04
Sumatera Utara,2009,121059.0,2.09269038955202,254131895.16
Sumatera Utara,2010,93338.0,1.6134904102958592,195938863.12
Sumatera Utara,2011,100568.0,1.7384720433546246,211116368.32
Sumatera Utara,2012,89313.0,1.5439121152666015,187489422.12
Sumatera Utara,2013,53252.0,0.9205424514032344,111788728.48
Sumatera Utara,2014,85505.0,1.4780849978823998,179495516.2
Sumatera Utara,2015,53040.0,0.9168777064228114,111343689.6
Sumatera Utara,2016,79282.0,1.3705109034806433,166431945.68
Sumatera Utara,2017,74551.0,1.2887283162052603,156500441.24
Sumatera Utara,2018,66196.0,1.1442993336041558,138961291.04
Sumatera Utara,2019,51889.0,0.8969809070243827,108927464.36
Sumatera Utara,2020,50234.0,0.8683716950309861,105453222.16
Sumatera Utara,2021,59204.0,1.0234318953819026,124283404.96
Sumatera Utara,2022,49218.0,0.8508085775776381,103320394.32
Sumatera Utara,2023,65335.0,1.129415628754419,137153845.4
Sumatera Utara,2024,64259.0,1.1108153193254795,134895063.16
Yogyakarta,2001,83.0,0.0622912679650268,98389.03
Yogyakarta,2002,33.0,0.0247664077451311,39118.53
Yogyakarta,2003,8.0,0.0060039776351833,9483.28
Yogyakarta,2004,70.0,0.0525348043078539,82978.7
Yogyakarta,2005,15.0,0.0112574580659687,17781.15
Yogyakarta,2006,61.0,0.0457803294682727,72310.01
Yogyakarta,2007,18.0,0.0135089496791624,21337.38
Yogyakarta,2008,28.0,0.0210139217231415,33191.48
Yogyakarta,2009,25.0,0.0187624301099478,29635.25
Yogyakarta,2010,143.0,0.1073211002289016,169513.63
Yogyakarta,2011,173.0,0.129836016360839,205075.93
Yogyakarta,2012,55.0,0.0412773462418852,65197.55
Yogyakarta,2013,27.0,0.0202634245187436,32006.07
Yogyakarta,2014,59.0,0.0442793350594769,69939.19
Yogyakarta,2015,42.0,0.0315208825847123,49787.22
Yogyakarta,2016,67.0,0.0502833126946602,79422.47
Yogyakarta,2017,108.0,0.0810536980749746,128024.28
Yogyakarta,2018,140.0,0.1050696086157079,165957.4
Yogyakarta,2019,69.0,0.051784307103456,81793.29
Yogyakarta,2020,56.0,0.0420278434462831,66382.95999999999
Yogyakarta,2021,71.0,0.0532853015122518,84164.11
Yogyakarta,2022,36.0,0.0270178993583248,42674.76
Yogyakarta,2023,107.0,0.0803032008705767,126838.87
Yogyakarta,2024,108.0,0.0810536980749746,128024.28
Aceh,2025,41841.796875,0.8394031681494684,83536310.625
Bali,2025,218.872802734375,0.059885577447603866,394402.22434326174
Bangka Belitung,2025,32102.564453125,2.4085744743856186,33342044.466660157
Banten,2025,2138.775146484375,0.38075263902036677,4026693.3560375976
Bengkulu,2025,24013.27734375,1.3376379982035427,43976235.19792969
Gorontalo,2025,4654.22021484375,0.46407203593184926,7293581.956479492
Jakarta Raya,2025,-0.061568763107061386,-0.004728783648775836,-20.336162454262375
Jambi,2025,96900.8515625,2.1609472662696265,216220684.14249998
Jawa Barat,2025,4559.93310546875,0.22717994337699718,7999308.2495996095
Jawa Tengah,2025,2889.763671875,0.19175312333487943,4931526.194238281
Jawa Timur,2025,4372.4501953125,0.22808079213465707,7333429.743076172
Kalimantan Barat,2025,189771.203125,1.3912437834479767,412304506.7575
Kalimantan Selatan,2025,33151.6640625,1.1764219286283077,49883308.914843746
Kalimantan Tengah,2025,159165.328125,1.1192367626520467,312513163.50703126
Kalimantan Timur,2025,109872.421875,0.9376348881839358,233874437.203125
Kalimantan Utara,2025,22127.0546875,0.32360442827441915,50104281.36382812
Kepulauan Riau,2025,2619.423828125,0.3797477207406709,3826087.6087890626
Lampung,2025,14293.0048828125,0.80156785355717,28430787.732597657
Maluku,2025,6604.08544921875,0.15923373611951996,13718138.37682617
Maluku Utara,2025,8434.2001953125,0.2744382250545837,18231620.16819336
Nusa Tenggara Barat,2025,3903.042236328125,0.34397492846739586,8093153.229138183
Nusa Tenggara Timur,2025,4586.98046875,0.19960151191065195,7205045.44109375
Papua,2025,24789.68359375,0.08384018657114693,53859058.163125
Papua Barat,2025,10569.056640625,0.11176544293864873,24979753.988984376
Riau,2025,119233.859375,1.519137988445089,196477130.49390626
Sulawesi Barat,2025,8281.86328125,0.5470678529412154,17112068.730351564
Sulawesi Selatan,2025,9454.2412109375,0.3111900894027403,19465053.60196289
Sulawesi Tengah,2025,33215.6875,0.5869500891583735,68752487.24249999
Sulawesi Tenggara,2025,19853.384765625,0.627509523737467,40146919.07150391
Sulawesi Utara,2025,2842.39501953125,0.21772329388492834,6863986.036865234
Sumatera Barat,2025,28677.572265625,0.7525395048622682,72935956.31888671
Sumatera Selatan,2025,117317.46875,1.6670098530763118,179541481.0003125
Sumatera Utara,2025,67051.6640625,1.1590907985946048,140757535.2665625
Yogyakarta,2025,83.3631820678711,0.06256383509165155,98819.54965507507
Aceh,2026,43361.3671875,0.8698878086238954,86570102.3625
Bali,2026,221.2633514404297,0.06053965318424277,398709.9213951111
Bangka Belitung,2026,32818.1171875,2.4622605920043217,34085224.692109376
Banten,2026,2181.3291015625,0.38832825103520774,4106810.112802734
Bengkulu,2026,28408.921875,1.5824934199532084,52026110.89734375
Gorontalo,2026,4577.107421875,0.45638312368071277,7172739.269746094
Jakarta Raya,2026,0.006086377426981926,0.0004674637040692724,2.0103304641321302
Jambi,2026,99480.09375,2.2184659182138824,221975901.99
Jawa Barat,2026,4823.42236328125,0.24030721373070066,8461536.915009765
Jawa Tengah,2026,2883.1064453125,0.1913113764894431,4920165.304248047
Jawa Timur,2026,4533.9267578125,0.23650391890364003,7604256.618935547
Kalimantan Barat,2026,225003.875,1.6495402737119347,488852418.98
Kalimantan Selatan,2026,36923.16796875,1.3102577412395564,55558290.84257812
Kalimantan Tengah,2026,193713.71875,1.3621780447357656,380347201.0796875
Kalimantan Timur,2026,113221.34375,0.9662140888078627,241002952.30625
Kalimantan Utara,2026,22949.2109375,0.3356283242240138,51965963.75476562
Kepulauan Riau,2026,2128.375,0.3085585259068109,3108832.2275
Lampung,2026,16060.0234375,0.9006642494297952,31945635.02046875
Maluku,2026,6636.7578125,0.16002151249115112,13786006.06328125
Maluku Utara,2026,8872.0986328125,0.28868688730574377,19178194.567646485
Nusa Tenggara Barat,2026,3244.53759765625,0.28594094567460393,6727710.935620117
Nusa Tenggara Timur,2026,3536.4541015625,0.15388807305448618,5554920.644570312
Papua,2026,24472.32421875,0.08276685826062301,53169550.490625
Papua Barat,2026,10017.529296875,0.1059331629194407,23676230.142578125
Riau,2026,130661.5859375,1.6647366768852347,215308081.15539062
Sulawesi Barat,2026,8079.01123046875,0.53366823112702,16692933.794506835
Sulawesi Selatan,2026,7166.15478515625,0.2358768195682109,14754181.102514649
Sulawesi Tengah,2026,35315.14453125,0.624049321010081,73098111.36234374
Sulawesi Tenggara,2026,22228.55859375,0.7025820725887356,44949924.33152343
Sulawesi Utara,2026,2463.841064453125,0.18872661557440665,5949831.232905273
Sumatera Barat,2026,27741.25390625,0.7279692048371813,70554608.47230469
Sumatera Selatan,2026,124239.296875,1.7653648193794502,190134577.54453126
Sumatera Utara,2026,68201.640625,1.1789699063069914,143171612.065625
Yogyakarta,2026,78.05564880371094,0.05858054621465041,92527.94664840699
Aceh,2027,42940.94921875,0.8614536542311004,85730746.29625
Bali,2027,212.16433715820312,0.0580500806211481,382313.77062896726
Bangka Belitung,2027,31780.12109375,2.3843823620713587,33007151.569179688
Banten,2027,2080.4052734375,0.37036141896228214,3916799.8123535155
Bengkulu,2027,28843.986328125,1.6067282936789773,52822857.48228516
Gorontalo,2027,4273.3154296875,0.4260920412208386,6696669.876708984
Jakarta Raya,2027,0.03638765215873718,0.0027947505498262045,12.01884150803089
Jambi,2027,97194.609375,2.167498242155095,216876163.575
Jawa Barat,2027,4865.40771484375,0.2423989614756824,8535190.137841797
Jawa Tengah,2027,2727.65185546875,0.1809960336019258,4654874.273950195
Jawa Timur,2027,4610.365234375,0.24049119091479565,7732458.467441406
Kalimantan Barat,2027,224179.03125,1.6434932090329615,487060330.455
Kalimantan Selatan,2027,36342.63671875,1.2896569746696958,54684765.470703125
Kalimantan Tengah,2027,185379.203125,1.3035704547770282,363982796.37578124
Kalimantan Timur,2027,110326.7578125,0.9415121234235524,234841536.6796875
Kalimantan Utara,2027,23107.294921875,0.33794027572887964,52323927.54814453
Kepulauan Riau,2027,2025.21533203125,0.29360308098687266,2958151.0268847654
Lampung,2027,17018.970703125,0.9544430949338552,33853115.38441406
Maluku,2027,6486.3525390625,0.15639503100394317,13473581.221191406
Maluku Utara,2027,8532.58984375,0.2776396999847068,18444302.183945313
Nusa Tenggara Barat,2027,2963.748046875,0.2611949757884987,6145479.762597656
Nusa Tenggara Timur,2027,3203.420654296875,0.13939619107593704,5031805.0269433595
Papua,2027,24102.32421875,0.08151549622068371,52365673.690625
Papua Barat,2027,9502.3623046875,0.10048538559862558,22458643.25988281
Riau,2027,133212.5,1.6972374319385017,219511553.875
Sulawesi Barat,2027,7792.0166015625,0.5147104760772765,16099942.622314453
Sulawesi Selatan,2027,6493.8369140625,0.21374721088309703,13369966.00725586
Sulawesi Tengah,2027,35172.83203125,0.6215345353515469,72803541.56484374
Sulawesi Tenggara,2027,23843.173828125,0.7536155083833306,48214950.82001953
Sulawesi Utara,2027,2326.548095703125,0.17821017532662572,5618287.934389648
Sumatera Barat,2027,27292.8984375,0.716203731828162,69414301.52507812
Sumatera Selatan,2027,125035.4453125,1.7766776042866324,191352995.15179688
Sumatera Utara,2027,66614.734375,1.1515377991650604,139840314.989375
Yogyakarta,2027,67.18702697753906,0.050423675918450275,79644.17364944458
Aceh,2028,42776.390625,0.858152385756598,85402208.355
Bali,2028,210.44265747070312,0.05757901349459024,379211.3554824829
Bangka Belitung,2028,31978.166015625,2.3992411732515784,33212843.00548828
Banten,2028,1978.477294921875,0.3522158243336796,3724898.987922363
Bengkulu,2028,28808.796875,1.6047680968694296,52758413.98109375
Gorontalo,2028,4111.9296875,0.4100002779414682,6443763.893984375
Jakarta Raya,2028,0.028105776757001877,0.002158661809293539,9.28333806283772
Jambi,2028,96822.609375,2.1592024184333205,216046097.655
Jawa Barat,2028,4855.6904296875,0.24191483764304825,8518143.493183594
Jawa Tengah,2028,2703.5888671875,0.1793993102419472,4613809.581298828
Jawa Timur,2028,4867.5244140625,0.25390542476260547,8163763.272021485
Kalimantan Barat,2028,225069.75,1.65002321413032,488995541.64
Kalimantan Selatan,2028,36330.78515625,1.2892364094158,54666932.42460937
Kalimantan Tengah,2028,183758.78125,1.2921757888980296,360801179.04531246
Kalimantan Timur,2028,109896.109375,0.937837033781847,233924858.415625
Kalimantan Utara,2028,23509.6640625,0.34382485628178894,53235048.20648438
Kepulauan Riau,2028,1926.0167236328125,0.2792218857654343,2813255.587541504
Lampung,2028,17977.78125,1.0082142730960317,35760323.795625
Maluku,2028,6512.88037109375,0.15703465413389325,13528685.36444336
Maluku Utara,2028,8658.431640625,0.281734433162993,18716325.587324217
Nusa Tenggara Barat,2028,2819.397216796875,0.2484733439321536,5846161.09888916
Nusa Tenggara Timur,2028,3096.368408203125,0.13473783459953226,4863651.640869141
Papua,2028,24318.9765625,0.0822482273526638,52836381.238749996
Papua Barat,2028,9547.048828125,0.10095793572823537,22564258.964296874
Riau,2028,140411.21875,1.7889550629753603,231373818.5928125
Sulawesi Barat,2028,7905.5341796875,0.5222090081861713,16334493.77741211
Sulawesi Selatan,2028,6358.84375,0.20930385748687005,13092032.6315625
Sulawesi Tengah,2028,35197.2265625,0.6219656079371185,72854035.3171875
Sulawesi Tenggara,2028,24661.708984375,0.7794870971388231,49870168.05693359
Sulawesi Utara,2028,2318.081787109375,0.1775616684929832,5597842.984418945
Sumatera Barat,2028,27485.75,0.721264425878949,69904782.8325
Sumatera Selatan,2028,123618.6875,1.756546337749565,189184803.163125
Sumatera Utara,2028,66228.390625,1.1448592552097288,139029286.735625
Yogyakarta,2028,66.76199340820312,0.05010468941288838,79140.33460601806
Aceh,2029,45268.05078125,0.9081384663103635,90376758.02374999
Bali,2029,215.47462463378906,0.05895580519960848,388278.80935134884
Bangka Belitung,2029,33706.8046875,2.528936574582941,35008224.41648437
Banten,2029,2096.455810546875,0.3732187947701759,3947018.319074707
Bengkulu,2029,30571.29296875,1.7029463552111186,55986125.95246094
Gorontalo,2029,4366.6689453125,0.43540031501487175,6842963.237509766
Jakarta Raya,2029,0.004585278686136007,0.00035217194209953974,1.514517550030723
Jambi,2029,101767.46875,2.2694757563471972,227079859.07
Jawa Barat,2029,5174.89892578125,0.25781809025459723,9078118.189541016
Jawa Tengah,2029,2873.687744140625,0.19068638926815482,4904091.819763184
Jawa Timur,2029,5232.08154296875,0.27292187435611104,8775194.843051758
Kalimantan Barat,2029,237061.84375,1.7379392182736004,515050044.205
Kalimantan Selatan,2029,38851.05859375,1.3786709829691755,58459187.86601562
Kalimantan Tengah,2029,199241.15625,1.4010465051356522,391200048.2390625
Kalimantan Timur,2029,116604.375,0.9950843737591247,248204072.625
Kalimantan Utara,2029,24885.001953125,0.36393894006137456,56349349.572636716
Kepulauan Riau,2029,2000.0438232421875,0.289953872719155,2921384.0108569334
Lampung,2029,19255.6015625,1.0798758791418017,38302087.29203125
Maluku,2029,6889.521484375,0.1661159981148503,14311051.817773437
Maluku Utara,2029,9078.212890625,0.29539358500826485,19623737.33076172
Nusa Tenggara Barat,2029,2837.95263671875,0.2501086322159704,5884636.689868164
Nusa Tenggara Timur,2029,3189.21142578125,0.13877787941881858,5009485.739160156
Papua,2029,25434.275390625,0.08602023442483782,55259524.0846875
Papua Barat,2029,10065.0791015625,0.10643599161676429,23788613.154960938
Riau,2029,148190.1875,1.8880655589451818,244192236.668125
Sulawesi Barat,2029,8471.73046875,0.5596097449143385,17504374.211835936
Sulawesi Selatan,2029,6627.1171875,0.21813418380681035,13644372.763828125
Sulawesi Tengah,2029,37323.5546875,0.6595396753878888,77255279.37656249
Sulawesi Tenggara,2029,26170.947265625,0.8271898645134486,52922104.432128906
Sulawesi Utara,2029,2432.859619140625,0.18635348225676326,5875015.37987793
Sumatera Barat,2029,28796.654296875,0.7556643834958157,73238818.83978516
Sumatera Selatan,2029,128150.2265625,1.8209367507654246,196119825.2289844
Sumatera Utara,2029,69840.6640625,1.2073029389266792,146612315.6265625
Yogyakarta,2029,57.29325866699219,0.042998430460424175,67916.0017564392
Aceh,2030,38789.19140625,0.7781637641813723,77441844.85875
Bali,2030,191.5435028076172,0.0524080339296051,345155.6457542419
Bangka Belitung,2030,28337.484375,2.126090008590646,29431594.646718748
Banten,2030,1867.7486572265625,0.3325035039025574,3516429.0744470214
Bengkulu,2030,27484.15234375,1.5309799656723486,50332552.71167969
Gorontalo,2030,3790.6650390625,0.37796699790933175,5940313.276064453
Jakarta Raya,2030,-0.04634938761591911,-0.003559860799993787,-15.309202729538082
Jambi,2030,92956.75,2.072991429432869,207419973.68
Jawa Barat,2030,4568.6015625,0.2276118136549106,8014514.97703125
Jawa Tengah,2030,2454.243408203125,0.16285374597488725,4188289.088269043
Jawa Timur,2030,4569.85205078125,0.2383778954870135,7664510.161049805
Kalimantan Barat,2030,204670.640625,1.5004740009804698,444675620.6475
Kalimantan Selatan,2030,34925.41015625,1.2393651883262928,52552264.662109375
Kalimantan Tengah,2030,172429.53125,1.212509486929818,338556763.1328125
Kalimantan Timur,2030,103149.109375,0.8802591404159007,219563194.215625
Kalimantan Utara,2030,22856.98828125,0.33427958349140335,51757135.694179684
Kepulauan Riau,2030,1775.8092041015625,0.2574457369163447,2593853.472062988
Lampung,2030,17331.337890625,0.9719609995353679,34474457.45175781
Maluku,2030,6150.26416015625,0.14829147016253613,12775451.718759766
Maluku Utara,2030,7861.38134765625,0.2557994230119238,16993397.76253418
Nusa Tenggara Barat,2030,2446.64990234375,0.21562314066454832,5073250.905004882
Nusa Tenggara Timur,2030,2815.2998046875,0.12250719211161633,4422160.321210938
Papua,2030,23201.43359375,0.07846863046321838,50408362.683125
Papua Barat,2030,9009.1904296875,0.09527020179098165,21293041.39675781
Riau,2030,137213.921875,1.7482188562584982,226105216.88328123
Sulawesi Barat,2030,7324.98779296875,0.48386035951503903,15134963.027709961
Sulawesi Selatan,2030,6023.021484375,0.19825013476797282,12400618.243535155
Sulawesi Tengah,2030,33928.4375,0.5995450016089328,70227794.2125
Sulawesi Tenggara,2030,24286.3203125,0.7676221194795688,49111068.346328124
Sulawesi Utara,2030,2148.8623046875,0.16459970407592292,5189201.625097656
Sumatera Barat,2030,26283.15625,0.6897066881181324,66846214.122187495
Sumatera Selatan,2030,112679.1953125,1.6011028095306368,172443113.71429688
Sumatera Utara,2030,60206.2734375,1.0407577281606264,126387417.4509375
Yogyakarta,2030,49.73563766479492,0.037326457026376166,58957.12224422455
