subnational1,year,extent_2000_ha,loss_ha,loss_rate_%,gfw_aboveground_carbon_stocks_2000__Mg_C,avg_gfw_aboveground_carbon_stocks_2000__Mg_C_ha-1,emission_Mg_CO2e,emission_estimated_CO2e,carbon_loss_MgC
Aceh,2001,4984708,18278,0.36668145857289935,653101544,544,10781164,36491661.44,9943232
Aceh,2002,4984708,10952,0.21971196708011784,653101544,544,6627106,21865448.96,5957888
Aceh,2003,4984708,11816,0.23704497836182178,653101544,544,8026562,23590407.68,6427904
Aceh,2004,4984708,19138,0.38393422443200287,653101544,544,11548791,38208634.24,10411072
Aceh,2005,4984708,26479,0.5312046362595362,653101544,544,17345183,52864793.92,14404576
Aceh,2006,4984708,21284,0.42698589365716105,653101544,544,13845766,42493080.32,11578496
Aceh,2007,4984708,24168,0.4848428433521081,653101544,544,15217238,48250928.64,13147392
Aceh,2008,4984708,36734,0.7369338384515202,653101544,544,24828757,73338696.32,19983296
Aceh,2009,4984708,69111,1.386460350335466,653101544,544,44802236,137978729.28,37596384
Aceh,2010,4984708,40757,0.8176406722319541,653101544,544,25634918,81370535.36,22171808
Aceh,2011,4984708,47485,0.9526134730459638,653101544,544,31277948,94802852.8,25831840
Aceh,2012,4984708,49396,0.9909507236933438,653101544,544,31813634,98618126.08,26871424
Aceh,2013,4984708,41390,0.8303395103584804,653101544,544,24213932,82634307.2,22516160
Aceh,2014,4984708,58555,1.174692680092796,653101544,544,36641364,116903886.39999999,31853920
Aceh,2015,4984708,33969,0.6814641900789374,653101544,544,20419815,67818429.12,18479136
Aceh,2016,4984708,50074,1.0045523228241253,653101544,544,29597570,99971739.52,27240256
Aceh,2017,4984708,45813,0.9190708863989625,653101544,544,26984846,91464738.24,24922272
Aceh,2018,4984708,46111,0.9250491703826984,653101544,544,27851704,92059689.28,25084384
Aceh,2019,4984708,28562,0.5729924400787367,653101544,544,17771125,57023461.76,15537728
Aceh,2020,4984708,30225,0.6063544745248869,653101544,544,18601460,60343608.0,16442400
Aceh,2021,4984708,31786,0.6376702506947248,653101544,544,18974147,63460113.28,17291584
Aceh,2022,4984708,29785,0.597527478038834,653101544,544,16989501,59465156.8,16203040
Aceh,2023,4984708,38983,0.7820518273086408,653101544,544,23348363,77828779.84,21206752
Aceh,2024,4984708,46071,0.9242467161566936,653101544,544,28174569,91979830.08,25062624
Bali,2001,365485,424,0.11601023297809761,39151857,491,260325,764035.28,208184
Bali,2002,365485,311,0.08509241145327441,39151857,491,190618,560412.67,152701
Bali,2003,365485,179,0.04897601816764025,39151857,491,117400,322552.63,87889
Bali,2004,365485,370,0.10123534481579272,39151857,491,219024,666728.9,181670
Bali,2005,365485,236,0.0645717334500732,39151857,491,148261,425264.92,115876
Bali,2006,365485,515,0.14090865562198177,39151857,491,321987,928014.5499999999,252865
Bali,2007,365485,504,0.13789895618151224,39151857,491,315182,908192.88,247464
Bali,2008,365485,229,0.06265647016977441,39151857,491,146969,412651.13,112439
Bali,2009,365485,377,0.1031506080960915,39151857,491,232894,679342.69,185107
Bali,2010,365485,198,0.054174589928451235,39151857,491,125464,356790.06,97218
Bali,2011,365485,216,0.05909955264921953,39151857,491,133383,389225.52,106056
Bali,2012,365485,743,0.20329151675171347,39151857,491,452548,1338863.71,364813
Bali,2013,365485,396,0.10834917985690247,39151857,491,204263,713580.12,194436
Bali,2014,365485,907,0.2481633993187135,39151857,491,508923,1634386.79,445337
Bali,2015,365485,133,0.036390002325676844,39151857,491,76643,239662.01,65303
Bali,2016,365485,156,0.04268301024665855,39151857,491,96433,281107.32,76596
Bali,2017,365485,263,0.07195917753122563,39151857,491,155514,473918.11,129133
Bali,2018,365485,302,0.08262993009289027,39151857,491,161045,544194.94,148282
Bali,2019,365485,706,0.1931679822701342,39151857,491,429538,1272190.82,346646
Bali,2020,365485,165,0.0451454916070427,39151857,491,109182,297325.05,81015
Bali,2021,365485,199,0.05444819896849392,39151857,491,124862,358592.02999999997,97709
Bali,2022,365485,262,0.07168556849118295,39151857,491,168103,472116.14,128642
Bali,2023,365485,558,0.15267384434381714,39151857,491,365681,1005499.26,273978
Bali,2024,365485,168,0.045966318727170746,39151857,491,110329,302730.96,82488
Bangka Belitung,2001,1332845,13910,1.0436322303043488,106312312,283,7005063,14447065.1,3936530
Bangka Belitung,2002,1332845,11247,0.843834054222359,106312312,283,5562797,11681246.67,3182901
Bangka Belitung,2003,1332845,7124,0.5344957590717601,106312312,283,3487235,7399057.64,2016092
Bangka Belitung,2004,1332845,21976,1.648803874419006,106312312,283,11477498,22824493.36,6219208
Bangka Belitung,2005,1332845,19839,1.4884701521932406,106312312,283,10079529,20604983.79,5614437
Bangka Belitung,2006,1332845,20241,1.5186311986765153,106312312,283,10751927,21022505.009999998,5728203
Bangka Belitung,2007,1332845,23237,1.7434135252036058,106312312,283,12008264,24134180.57,6576071
Bangka Belitung,2008,1332845,22678,1.701473164546515,106312312,283,11226378,23553597.58,6417874
Bangka Belitung,2009,1332845,63896,4.793955786306735,106312312,283,33402713,66363024.56,18082568
Bangka Belitung,2010,1332845,23187,1.7396621512629,106312312,283,12361376,24082250.07,6561921
Bangka Belitung,2011,1332845,32400,2.4308903135773474,106312312,283,16964282,33650964.0,9169200
Bangka Belitung,2012,1332845,39451,2.959909066695677,106312312,283,21360184,40974203.11,11164633
Bangka Belitung,2013,1332845,17575,1.318607940158083,106312312,283,9630177,18253570.75,4973725
Bangka Belitung,2014,1332845,41246,3.094583391167015,106312312,283,22150159,42838508.06,11672618
Bangka Belitung,2015,1332845,41281,3.097209352925509,106312312,283,22577478,42874859.41,11682523
Bangka Belitung,2016,1332845,58203,4.366824349417974,106312312,283,36821355,60450217.83,16471449
Bangka Belitung,2017,1332845,25558,1.9175523035311683,106312312,283,12950327,26544794.38,7232914
Bangka Belitung,2018,1332845,22426,1.682566239885358,106312312,283,10287578,23291867.86,6346558
Bangka Belitung,2019,1332845,25529,1.915376506645559,106312312,283,10721349,26514674.69,7224707
Bangka Belitung,2020,1332845,24628,1.8477767482340406,106312312,283,12029032,25578887.08,6969724
Bangka Belitung,2021,1332845,31006,2.3263020081104706,106312312,283,15885973,32203141.66,8774698
Bangka Belitung,2022,1332845,34052,2.5548357085782665,106312312,283,16706101,35366747.72,9636716
Bangka Belitung,2023,1332845,50388,3.7804846024856604,106312312,283,24505926,52333480.68,14259804
Bangka Belitung,2024,1332845,31059,2.330278464487619,106312312,283,15367547,32258187.99,8789697
Banten,2001,561723,1054,0.18763696697482568,56287349,513,618476,1984376.3399999999,540702
Banten,2002,561723,1761,0.31349971427198103,56287349,513,1042788,3315452.31,903393
Banten,2003,561723,293,0.052160940534747555,56287349,513,164982,551634.03,150309
Banten,2004,561723,1404,0.2499452577159917,56287349,513,827685,2643324.84,720252
Banten,2005,561723,545,0.09702290986838709,56287349,513,311460,1026076.95,279585
Banten,2006,561723,1938,0.3450099070182278,56287349,513,1089522,3648691.98,994194
Banten,2007,561723,1060,0.1887051091018171,56287349,513,605411,1995672.5999999999,543780
Banten,2008,561723,930,0.1655620296836697,56287349,513,562003,1750920.3,477090
Banten,2009,561723,2754,0.4902772362890606,56287349,513,1701980,5184983.34,1412802
Banten,2010,561723,1633,0.2907126822294975,56287349,513,983311,3074465.43,837729
Banten,2011,561723,2329,0.4146171689605019,56287349,513,1374312,4384831.59,1194777
Banten,2012,561723,3286,0.584985838215633,56287349,513,2150205,6186585.06,1685718
Banten,2013,561723,1830,0.3257833487323823,56287349,513,1100213,3445359.3,938790
Banten,2014,561723,2275,0.4050038898175791,56287349,513,1390639,4283165.25,1167075
Banten,2015,561723,2663,0.4740770806963574,56287349,513,1638703,5013656.7299999995,1366119
Banten,2016,561723,1969,0.35052864134101686,56287349,513,1155343,3707055.9899999998,1010097
Banten,2017,561723,3495,0.6221927889725006,56287349,513,2099270,6580071.45,1792935
Banten,2018,561723,3401,0.6054585623163018,56287349,513,2117123,6403096.71,1744713
Banten,2019,561723,4715,0.8393816881274222,56287349,513,2857726,8876977.65,2418795
Banten,2020,561723,2042,0.3635243705527457,56287349,513,1271610,3844493.82,1047546
Banten,2021,561723,1915,0.3409153621980941,56287349,513,1181129,3605389.65,982395
Banten,2022,561723,1546,0.2752246213881219,56287349,513,929614,2910669.66,793098
Banten,2023,561723,3744,0.6665206872426446,56287349,513,2388259,7048866.24,1920672
Banten,2024,561723,3256,0.5796451275806759,56287349,513,2153062,6130103.76,1670328
Bengkulu,2001,1795200,14198,0.7908868092691623,231746921,499,10135589,26001223.34,7084802
Bengkulu,2002,1795200,10421,0.5804924242424242,231746921,499,7523117,19084289.93,5200079
Bengkulu,2003,1795200,8104,0.45142602495543677,231746921,499,5800440,14841098.32,4043896
Bengkulu,2004,1795200,25985,1.4474710338680927,231746921,499,18343674,47587110.05,12966515
Bengkulu,2005,1795200,13142,0.7320632798573975,231746921,499,9223426,24067338.86,6557858
Bengkulu,2006,1795200,23589,1.3140040106951871,231746921,499,15951261,43199243.37,11770911
Bengkulu,2007,1795200,17580,0.9792780748663101,231746921,499,12489087,32194781.4,8772420
Bengkulu,2008,1795200,22353,1.245153743315508,231746921,499,15627311,40935719.49,11154147
Bengkulu,2009,1795200,18756,1.0447860962566846,231746921,499,13382843,34348425.48,9359244
Bengkulu,2010,1795200,16012,0.891934046345811,231746921,499,11253547,29323255.96,7989988
Bengkulu,2011,1795200,24563,1.3682598039215688,231746921,499,18100728,44982958.79,12256937
Bengkulu,2012,1795200,27761,1.5464015151515151,231746921,499,20702595,50839552.13,13852739
Bengkulu,2013,1795200,14153,0.7883801247771836,231746921,499,9464223,25918813.49,7062347
Bengkulu,2014,1795200,20320,1.1319073083778965,231746921,499,13959398,37212625.6,10139680
Bengkulu,2015,1795200,20197,1.125055704099822,231746921,499,14343184,36987372.01,10078303
Bengkulu,2016,1795200,24378,1.3579545454545454,231746921,499,16964333,44644162.74,12164622
Bengkulu,2017,1795200,27232,1.516934046345811,231746921,499,18982493,49870778.56,13588768
Bengkulu,2018,1795200,24624,1.3716577540106951,231746921,499,17413860,45094669.92,12287376
Bengkulu,2019,1795200,18200,1.013814616755793,231746921,499,12357843,33330206.0,9081800
Bengkulu,2020,1795200,16311,0.9085895721925135,231746921,499,11420715,29870823.63,8139189
Bengkulu,2021,1795200,14326,0.7980169340463459,231746921,499,9891659,26235633.58,7148674
Bengkulu,2022,1795200,23800,1.3257575757575757,231746921,499,16676254,43585654.0,11876200
Bengkulu,2023,1795200,29912,1.6662210338680927,231746921,499,19303155,54778742.96,14926088
Bengkulu,2024,1795200,20998,1.169674688057041,231746921,499,15097704,38454267.339999996,10478002
Gorontalo,2001,1002909,3499,0.3488850932636959,147238658,427,2403487,5483247.91,1494073
Gorontalo,2002,1002909,8013,0.7989757794575579,147238658,427,5583349,12557092.17,3421551
Gorontalo,2003,1002909,2806,0.27978610222861694,147238658,427,2069612,4397254.54,1198162
Gorontalo,2004,1002909,6949,0.6928843992824872,147238658,427,4742109,10889708.41,2967223
Gorontalo,2005,1002909,4241,0.42286987154367944,147238658,427,3057098,6646028.6899999995,1810907
Gorontalo,2006,1002909,5250,0.5234772048112042,147238658,427,3664754,8227222.5,2241750
Gorontalo,2007,1002909,4329,0.4316443465957529,147238658,427,2950708,6783932.609999999,1848483
Gorontalo,2008,1002909,1794,0.1788796391297715,147238658,427,1193144,2811359.46,766038
Gorontalo,2009,1002909,11263,1.1230330967216369,147238658,427,7295806,17650134.669999998,4809301
Gorontalo,2010,1002909,1570,0.15654461172449347,147238658,427,1039060,2460331.3,670390
Gorontalo,2011,1002909,2979,0.2970359225014433,147238658,427,2003805,4668361.11,1272033
Gorontalo,2012,1002909,3927,0.39156094919878076,147238658,427,2873117,6153962.43,1676829
Gorontalo,2013,1002909,5938,0.5920776461274153,147238658,427,4891935,9305380.42,2535526
Gorontalo,2014,1002909,10353,1.0322970478876947,147238658,427,7987904,16224082.77,4420731
Gorontalo,2015,1002909,13286,1.3247463129755541,147238658,427,9449726,20820357.74,5673122
Gorontalo,2016,1002909,10910,1.0878354865695692,147238658,427,7375405,17096951.9,4658570
Gorontalo,2017,1002909,7869,0.784617547554165,147238658,427,5219093,12331431.209999999,3360063
Gorontalo,2018,1002909,8007,0.7983775197949166,147238658,427,5422524,12547689.629999999,3418989
Gorontalo,2019,1002909,10959,1.0927212738144736,147238658,427,7232751,17173739.31,4679493
Gorontalo,2020,1002909,3030,0.30212112963389504,147238658,427,2153085,4748282.7,1293810
Gorontalo,2021,1002909,2199,0.2192621663580644,147238658,427,1505559,3446030.91,938973
Gorontalo,2022,1002909,2819,0.28108233149767325,147238658,427,1956899,4417626.71,1203713
Gorontalo,2023,1002909,8242,0.8218093565817038,147238658,427,5633273,12915955.78,3519334
Gorontalo,2024,1002909,4643,0.4629532689406517,147238658,427,3435632,7275998.87,1982561
Jakarta Raya,2001,1302,4,0.30721966205837176,51609,90,1002,1321.2,360
Jakarta Raya,2002,1302,0,0.0,51609,90,20,0.0,0
Jakarta Raya,2003,1302,0,0.0,51609,90,121,0.0,0
Jakarta Raya,2004,1302,1,0.07680491551459294,51609,90,673,330.3,90
Jakarta Raya,2005,1302,0,0.0,51609,90,161,0.0,0
Jakarta Raya,2006,1302,4,0.30721966205837176,51609,90,1459,1321.2,360
Jakarta Raya,2007,1302,2,0.15360983102918588,51609,90,829,660.6,180
Jakarta Raya,2008,1302,2,0.15360983102918588,51609,90,120,660.6,180
Jakarta Raya,2009,1302,0,0.0,51609,90,38,0.0,0
Jakarta Raya,2010,1302,2,0.15360983102918588,51609,90,694,660.6,180
Jakarta Raya,2011,1302,4,0.30721966205837176,51609,90,900,1321.2,360
Jakarta Raya,2012,1302,1,0.07680491551459294,51609,90,265,330.3,90
Jakarta Raya,2013,1302,0,0.0,51609,90,128,0.0,0
Jakarta Raya,2014,1302,0,0.0,51609,90,0,0.0,0
Jakarta Raya,2015,1302,0,0.0,51609,90,59,0.0,0
Jakarta Raya,2016,1302,0,0.0,51609,90,0,0.0,0
Jakarta Raya,2017,1302,1,0.07680491551459294,51609,90,459,330.3,90
Jakarta Raya,2018,1302,0,0.0,51609,90,0,0.0,0
Jakarta Raya,2019,1302,0,0.0,51609,90,0,0.0,0
Jakarta Raya,2020,1302,0,0.0,51609,90,45,0.0,0
Jakarta Raya,2021,1302,1,0.07680491551459294,51609,90,0,330.3,90
Jakarta Raya,2022,1302,0,0.0,51609,90,0,0.0,0
Jakarta Raya,2023,1302,0,0.0,51609,90,156,0.0,0
Jakarta Raya,2024,1302,0,0.0,51609,90,282,0.0,0
Jambi,2001,4484184,46911,1.0461435123982423,491042919,608,33838923,104675328.96,28521888
Jambi,2002,4484184,45074,1.005177307621632,491042919,608,36485693,100576320.64,27404992
Jambi,2003,4484184,21497,0.4793960283520926,491042919,608,17595846,47967545.92,13070176
Jambi,2004,4484184,97086,2.165076187774632,491042919,608,90868809,216633816.96,59028288
Jambi,2005,4484184,71003,1.5834096013901302,491042919,608,62426580,158433254.07999998,43169824
Jambi,2006,4484184,119577,2.6666390139209275,491042919,608,84511396,266819334.72,72702816
Jambi,2007,4484184,118972,2.653147150072343,491042919,608,94719368,265469361.92,72334976
Jambi,2008,4484184,124204,2.7698238966108435,491042919,608,104494916,277143837.44,75516032
Jambi,2009,4484184,125511,2.7989707826440666,491042919,608,99153690,280060224.96,76310688
Jambi,2010,4484184,36678,0.8179414582452459,491042919,608,27040260,81841822.08,22300224
Jambi,2011,4484184,48905,1.090610911595064,491042919,608,35827156,109124660.8,29734240
Jambi,2012,4484184,152388,3.3983440465422468,491042919,608,122705274,340032487.68,92651904
Jambi,2013,4484184,66707,1.4876062177644807,491042919,608,52585003,148847331.52,40557856
Jambi,2014,4484184,77432,1.7267801678075654,491042919,608,56982242,172778667.52,47078656
Jambi,2015,4484184,60611,1.3516617516141174,491042919,608,42872357,135244960.96,36851488
Jambi,2016,4484184,157246,3.5066803681561685,491042919,608,131627877,350872434.56,95605568
Jambi,2017,4484184,86203,1.9223787427099335,491042919,608,58454834,192349926.07999998,52411424
Jambi,2018,4484184,69978,1.5605514849524462,491042919,608,45538792,156146110.07999998,42546624
Jambi,2019,4484184,67673,1.5091485987194102,491042919,608,44214471,151002825.28,41145184
Jambi,2020,4484184,78387,1.7480772421470663,491042919,608,57069177,174909616.32,47659296
Jambi,2021,4484184,73131,1.630865281174903,491042919,608,44299867,163181588.16,44463648
Jambi,2022,4484184,75657,1.6871966003179175,491042919,608,48864898,168818003.52,45999456
Jambi,2023,4484184,93816,2.092153221188069,491042919,608,58454785,209337269.76,57040128
Jambi,2024,4484184,91324,2.0365801224927433,491042919,608,56569960,203776720.64,55524992
Jawa Barat,2001,2007190,6798,0.3386824366402782,204189664,478,4752443,11925459.48,3249444
Jawa Barat,2002,2007190,3851,0.1918602623568272,204189664,478,2561723,6755655.26,1840778
Jawa Barat,2003,2007190,1979,0.09859554900134018,204189664,478,1392664,3471680.54,945962
Jawa Barat,2004,2007190,3659,0.1822946507306234,204189664,478,2210110,6418837.34,1749002
Jawa Barat,2005,2007190,2327,0.11593322007383455,204189664,478,1520971,4082163.02,1112306
Jawa Barat,2006,2007190,5244,0.2612607675406912,204189664,478,3236778,9199339.44,2506632
Jawa Barat,2007,2007190,3055,0.15220283082319064,204189664,478,2036807,5359264.3,1460290
Jawa Barat,2008,2007190,5116,0.254883693123222,204189664,478,3418058,8974794.16,2445448
Jawa Barat,2009,2007190,2886,0.14378309975637582,204189664,478,1854062,5062794.36,1379508
Jawa Barat,2010,2007190,2632,0.1311285927092104,204189664,478,1743773,4617212.32,1258096
Jawa Barat,2011,2007190,5421,0.27007906575859786,204189664,478,3470377,9509843.459999999,2591238
Jawa Barat,2012,2007190,3753,0.18697781475595235,204189664,478,2473770,6583737.78,1793934
Jawa Barat,2013,2007190,2565,0.12779059281881636,204189664,478,1580772,4499676.9,1226070
Jawa Barat,2014,2007190,3758,0.18722691922538473,204189664,478,2327948,6592509.08,1796324
Jawa Barat,2015,2007190,3502,0.17447277039044634,204189664,478,2140101,6143418.52,1673956
Jawa Barat,2016,2007190,3657,0.18219500894285046,204189664,478,2315385,6415328.82,1748046
Jawa Barat,2017,2007190,5646,0.28128876688305543,204189664,478,3383042,9904551.959999999,2698788
Jawa Barat,2018,2007190,4509,0.2246424105341298,204189664,478,2715136,7909958.34,2155302
Jawa Barat,2019,2007190,6974,0.34745091396429834,204189664,478,4233448,12234209.24,3333572
Jawa Barat,2020,2007190,3459,0.1723304719533278,204189664,478,2169096,6067985.34,1653402
Jawa Barat,2021,2007190,2568,0.1279400555004758,204189664,478,1703903,4504939.68,1227504
Jawa Barat,2022,2007190,2575,0.12828880175768115,204189664,478,1686067,4517219.5,1230850
Jawa Barat,2023,2007190,5561,0.27705399090270477,204189664,478,3631441,9755439.86,2658158
Jawa Barat,2024,2007190,4421,0.22025817187211974,204189664,478,2835573,7755583.46,2113238
Jawa Tengah,2001,1507023,2676,0.1775686237038187,142044543,465,1753753,4566727.8,1244340
Jawa Tengah,2002,1507023,1899,0.12601002108129739,142044543,465,1146233,3240738.4499999997,883035
Jawa Tengah,2003,1507023,791,0.05248758645355777,142044543,465,507158,1349881.05,367815
Jawa Tengah,2004,1507023,3568,0.23675816493842497,142044543,465,2141078,6088970.399999999,1659120
Jawa Tengah,2005,1507023,1703,0.11300424744678747,142044543,465,1074668,2906254.65,791895
Jawa Tengah,2006,1507023,3474,0.23052070207289468,142044543,465,1997626,5928554.7,1615410
Jawa Tengah,2007,1507023,2898,0.1922996530245391,142044543,465,1796311,4945581.899999999,1347570
Jawa Tengah,2008,1507023,2657,0.17630785993312642,142044543,465,1627621,4534303.35,1235505
Jawa Tengah,2009,1507023,3054,0.2026511871418021,142044543,465,1914603,5211803.7,1420110
Jawa Tengah,2010,1507023,1323,0.08778897203294177,142044543,465,850285,2257765.65,615195
Jawa Tengah,2011,1507023,4500,0.2986019456902781,142044543,465,2763974,7679475.0,2092500
Jawa Tengah,2012,1507023,2450,0.16257217043137365,142044543,465,1588832,4181047.5,1139250
Jawa Tengah,2013,1507023,1180,0.07830006575878404,142044543,465,711461,2013729.0,548700
Jawa Tengah,2014,1507023,2883,0.19130431320557154,142044543,465,1790802,4919983.649999999,1340595
Jawa Tengah,2015,1507023,1808,0.11997162617956063,142044543,465,1129334,3085442.4,840720
Jawa Tengah,2016,1507023,2285,0.1516234324227301,142044543,465,1485007,3899466.75,1062525
Jawa Tengah,2017,1507023,3457,0.22939265027806477,142044543,465,2256994,5899543.35,1607505
Jawa Tengah,2018,1507023,2573,0.1707339569469079,142044543,465,1684139,4390953.15,1196445
Jawa Tengah,2019,1507023,2769,0.1837397305814178,142044543,465,1812596,4725436.95,1287585
Jawa Tengah,2020,1507023,2752,0.18261167878658788,142044543,465,1834118,4696425.6,1279680
Jawa Tengah,2021,1507023,2109,0.1399447785468437,142044543,465,1505050,3599113.9499999997,980685
Jawa Tengah,2022,1507023,2085,0.13835223483649553,142044543,465,1509667,3558156.75,969525
Jawa Tengah,2023,1507023,4726,0.3135983989627232,142044543,465,3306770,8065155.3,2197590
Jawa Tengah,2024,1507023,2774,0.18407151052107368,142044543,465,1987555,4733969.7,1289910
Jawa Timur,2001,1917062,4227,0.22049365122254783,183977497,457,2915024,7089482.13,1931739
Jawa Timur,2002,1917062,4052,0.21136509930299593,183977497,457,2711740,6795973.88,1851764
Jawa Timur,2003,1917062,2910,0.15179477763369156,183977497,457,1995621,4880622.899999999,1329870
Jawa Timur,2004,1917062,6465,0.3372347894851601,183977497,457,4270837,10843033.35,2954505
Jawa Timur,2005,1917062,2820,0.14710009378935057,183977497,457,1811581,4729675.8,1288740
Jawa Timur,2006,1917062,5746,0.2997294818842583,183977497,457,3692763,9637133.74,2625922
Jawa Timur,2007,1917062,4430,0.23108277144922806,183977497,457,2910073,7429951.7,2024510
Jawa Timur,2008,1917062,3993,0.2082874732272613,183977497,457,2601074,6697019.67,1824801
Jawa Timur,2009,1917062,4277,0.2231018089138484,183977497,457,2717952,7173341.63,1954589
Jawa Timur,2010,1917062,1648,0.08596487750526588,183977497,457,1081261,2764009.12,753136
Jawa Timur,2011,1917062,5849,0.3051022867283374,183977497,457,3645667,9809884.31,2672993
Jawa Timur,2012,1917062,8314,0.4336844609094542,183977497,457,5387081,13944157.66,3799498
Jawa Timur,2013,1917062,2754,0.14365732563683387,183977497,457,1615593,4618981.26,1258578
Jawa Timur,2014,1917062,6771,0.3531967145559194,183977497,457,4112966,11356253.49,3094347
Jawa Timur,2015,1917062,2901,0.15132530924925747,183977497,457,1737717,4865528.1899999995,1325757
Jawa Timur,2016,1917062,3188,0.16629613439732258,183977497,457,1944186,5346881.72,1456916
Jawa Timur,2017,1917062,4713,0.2458449439819891,183977497,457,2834936,7904596.47,2153841
Jawa Timur,2018,1917062,4290,0.22377992991358653,183977497,457,2689623,7195145.1,1960530
Jawa Timur,2019,1917062,5112,0.26665804235856744,183977497,457,3137536,8573795.28,2336184
Jawa Timur,2020,1917062,4919,0.2565905536701473,183977497,457,3048079,8250097.609999999,2247983
Jawa Timur,2021,1917062,3520,0.18361430146755817,183977497,457,2336854,5903708.8,1608640
Jawa Timur,2022,1917062,2918,0.15221208286429966,183977497,457,1968694,4894040.42,1333526
Jawa Timur,2023,1917062,6319,0.3296189690265625,183977497,457,4275821,10598163.61,2887783
Jawa Timur,2024,1917062,4505,0.23499500798617887,183977497,457,2876830,7555740.95,2058785
Kalimantan Barat,2001,13640399,77940,0.5713909101925831,1591533944,592,49626490,169335561.6,46140480
Kalimantan Barat,2002,13640399,96866,0.7101405171505614,1591533944,592,62610050,210454946.24,57344672
Kalimantan Barat,2003,13640399,55967,0.4103032469944611,1591533944,592,37665223,121596142.88,33132464
Kalimantan Barat,2004,13640399,113923,0.835188178879518,1591533944,592,77175968,247513666.72,67442416
Kalimantan Barat,2005,13640399,104566,0.766590478768253,1591533944,592,74990269,227184274.24,61903072
Kalimantan Barat,2006,13640399,130920,0.9597959707776876,1591533944,592,93620771,284442028.8,77504640
Kalimantan Barat,2007,13640399,132081,0.9683074520034202,1591533944,592,100123271,286964463.84,78191952
Kalimantan Barat,2008,13640399,202683,1.4859022818907277,1591533944,592,138402392,440357193.12,119988336
Kalimantan Barat,2009,13640399,288604,2.1158032107418556,1591533944,592,220589594,627032594.56,170853568
Kalimantan Barat,2010,13640399,152522,1.1181637721887754,1591533944,592,116036000,331375398.08,90293024
Kalimantan Barat,2011,13640399,262481,1.9242912175809521,1591533944,592,213023846,570276719.84,155388752
Kalimantan Barat,2012,13640399,312530,2.291208636932102,1591533944,592,249209663,679015179.1999999,185017760
Kalimantan Barat,2013,13640399,199514,1.4626698236613167,1591533944,592,163462613,433472096.96,118112288
Kalimantan Barat,2014,13640399,291474,2.1368436509811772,1591533944,592,221269455,633268071.36,172552608
Kalimantan Barat,2015,13640399,267806,1.9633296650633167,1591533944,592,202053308,581846027.84,158541152
Kalimantan Barat,2016,13640399,286374,2.0994547153642644,1591533944,592,183511593,622187607.36,169533408
Kalimantan Barat,2017,13640399,181330,1.329359940277407,1591533944,592,110336586,393964811.2,107347360
Kalimantan Barat,2018,13640399,159317,1.1679790305254267,1591533944,592,97466586,346138486.88,94315664
Kalimantan Barat,2019,13640399,143107,1.049140864574416,1591533944,592,91605889,310919992.48,84719344
Kalimantan Barat,2020,13640399,121935,0.8939254636173033,1591533944,592,77365801,264920858.4,72185520
Kalimantan Barat,2021,13640399,109033,0.7993387876703607,1591533944,592,68307384,236889457.12,64547536
Kalimantan Barat,2022,13640399,137501,1.0080423600511978,1591533944,592,84718166,298740172.64,81400592
Kalimantan Barat,2023,13640399,206711,1.515432209864242,1591533944,592,126852812,449108587.03999996,122372912
Kalimantan Barat,2024,13640399,173923,1.275058009666726,1591533944,592,109650190,377872066.71999997,102962416
Kalimantan Selatan,2001,2818008,18967,0.6730640935015089,271165431,410,10601060,28539644.9,7776470
Kalimantan Selatan,2002,2818008,24324,0.8631629150804399,271165431,410,13862311,36600322.8,9972840
Kalimantan Selatan,2003,2818008,18403,0.6530499558553419,271165431,410,10740653,27690994.099999998,7545230
Kalimantan Selatan,2004,2818008,41871,1.4858368038699676,271165431,410,25669861,63003293.699999996,17167110
Kalimantan Selatan,2005,2818008,25392,0.9010620267933944,271165431,410,14717806,38207342.4,10410720
Kalimantan Selatan,2006,2818008,54016,1.91681499839603,271165431,410,31049828,81277875.2,22146560
Kalimantan Selatan,2007,2818008,29584,1.0498195888727073,271165431,410,17430865,44515044.8,12129440
Kalimantan Selatan,2008,2818008,18696,0.6634473713346449,271165431,410,10785556,28131871.2,7665360
Kalimantan Selatan,2009,2818008,60466,2.145700083179324,271165431,410,37200432,90983190.2,24791060
Kalimantan Selatan,2010,2818008,26199,0.9296992769360484,271165431,410,16355863,39421635.3,10741590
Kalimantan Selatan,2011,2818008,48257,1.7124507808352567,271165431,410,29823913,72612307.9,19785370
Kalimantan Selatan,2012,2818008,66809,2.3707881595793907,271165431,410,46971865,100527502.3,27391690
Kalimantan Selatan,2013,2818008,35960,1.2760787052414329,271165431,410,23862418,54109012.0,14743600
Kalimantan Selatan,2014,2818008,66373,2.3553162375692334,271165431,410,44435366,99871453.1,27212930
Kalimantan Selatan,2015,2818008,73379,2.6039315715214437,271165431,410,52781490,110413381.3,30085390
Kalimantan Selatan,2016,2818008,65747,2.333101964224374,271165431,410,42633774,98929510.89999999,26956270
Kalimantan Selatan,2017,2818008,37465,1.3294852250242015,271165431,410,22647185,56373585.5,15360650
Kalimantan Selatan,2018,2818008,37578,1.3334951497653662,271165431,410,22164632,56543616.6,15406980
Kalimantan Selatan,2019,2818008,44331,1.5731325106245264,271165431,410,26275063,66704855.699999996,18175710
Kalimantan Selatan,2020,2818008,21000,0.7452072527828169,271165431,410,12814017,31598700.0,8610000
Kalimantan Selatan,2021,2818008,21668,0.7689119406332416,271165431,410,12667305,32603839.599999998,8883880
Kalimantan Selatan,2022,2818008,17769,0.630551794033232,271165431,410,9559874,26737014.3,7285290
Kalimantan Selatan,2023,2818008,51434,1.8251899923634,271165431,410,29899991,77392739.8,21087940
Kalimantan Selatan,2024,2818008,27839,0.9878964147724208,271165431,410,16120868,41889343.3,11413990
Kalimantan Tengah,2001,14220881,64076,0.450576866510591,1698947244,535,42220392,125810022.2,34280660
Kalimantan Tengah,2002,14220881,102874,0.7234010326083173,1698947244,535,74151771,201987955.29999998,55037590
Kalimantan Tengah,2003,14220881,129122,0.9079746887692823,1698947244,535,147052676,253524590.9,69080270
Kalimantan Tengah,2004,14220881,169837,1.1942790323609347,1698947244,535,115601806,333466457.65,90862795
Kalimantan Tengah,2005,14220881,158552,1.1149238925492733,1698947244,535,109855751,311308924.4,84825320
Kalimantan Tengah,2006,14220881,221893,1.5603323029002212,1698947244,535,148088017,435675810.84999996,118712755
Kalimantan Tengah,2007,14220881,291717,2.051328606153163,1698947244,535,291244104,572771743.65,156068595
Kalimantan Tengah,2008,14220881,204626,1.438912258670894,1698947244,535,142000086,401772919.7,109474910
Kalimantan Tengah,2009,14220881,194376,1.3668351489615869,1698947244,535,145533154,381647557.2,103991160
Kalimantan Tengah,2010,14220881,142342,1.0009365805114325,1698947244,535,107073467,279481399.9,76152970
Kalimantan Tengah,2011,14220881,139335,0.9797916176923216,1698947244,535,100394491,273577305.75,74544225
Kalimantan Tengah,2012,14220881,218881,1.5391521805153985,1698947244,535,161281420,429761899.45,117101335
Kalimantan Tengah,2013,14220881,103285,0.7262911489098319,1698947244,535,75334314,202794933.25,55257475
Kalimantan Tengah,2014,14220881,197213,1.3867846865464946,1698947244,535,145179410,387217864.84999996,105508955
Kalimantan Tengah,2015,14220881,213840,1.503704306364704,1698947244,535,172198968,419864148.0,114404400
Kalimantan Tengah,2016,14220881,492975,3.46655738136055,1698947244,535,479684517,967931763.75,263741625
Kalimantan Tengah,2017,14220881,102894,0.7235416708711647,1698947244,535,69126749,202027224.29999998,55048290
Kalimantan Tengah,2018,14220881,110369,0.7761052216103911,1698947244,535,76187310,216704013.04999998,59047415
Kalimantan Tengah,2019,14220881,122143,0.8588989669486722,1698947244,535,86475205,239821673.35,65346505
Kalimantan Tengah,2020,14220881,90490,0.6363178202531896,1698947244,535,60914533,177672590.5,48412150
Kalimantan Tengah,2021,14220881,53159,0.3738094707353222,1698947244,535,33362598,104375038.55,28440065
Kalimantan Tengah,2022,14220881,72734,0.5114591704972428,1698947244,535,46339431,142809572.3,38912690
Kalimantan Tengah,2023,14220881,144866,1.0186851292827779,1698947244,535,91559754,284437147.7,77503310
Kalimantan Tengah,2024,14220881,118639,0.8342591432978027,1698947244,535,76649894,232941744.54999998,63471865
Kalimantan Timur,2001,11718039,45977,0.39236087198549174,1520118972,580,27360852,97866642.2,26666660
Kalimantan Timur,2002,11718039,57425,0.4900563993685291,1520118972,580,34117200,122234855.0,33306500
Kalimantan Timur,2003,11718039,36975,0.31553914439096853,1520118972,580,23331304,78704985.0,21445500
Kalimantan Timur,2004,11718039,71496,0.6101362181846297,1520118972,580,42881456,152186385.6,41467680
Kalimantan Timur,2005,11718039,66742,0.5695662900592838,1520118972,580,41221767,142067021.2,38710360
Kalimantan Timur,2006,11718039,128253,1.0944920050189286,1520118972,580,77996547,272999335.8,74386740
Kalimantan Timur,2007,11718039,121912,1.0403788551992361,1520118972,580,75445749,259501883.2,70708960
Kalimantan Timur,2008,11718039,105149,0.8973259092242312,1520118972,580,65828559,223820161.4,60986420
Kalimantan Timur,2009,11718039,211515,1.8050375152361247,1520118972,580,132568141,450230829.0,122678700
Kalimantan Timur,2010,11718039,107241,0.9151787257236471,1520118972,580,73268917,228273192.6,62199780
Kalimantan Timur,2011,11718039,182064,1.5537070665151396,1520118972,580,128207918,387541430.4,105597120
Kalimantan Timur,2012,11718039,255656,2.181730236603582,1520118972,580,185383993,544189361.6,148280480
Kalimantan Timur,2013,11718039,147487,1.2586320970599263,1520118972,580,105915945,313940828.2,85542460
Kalimantan Timur,2014,11718039,211485,1.8047814997031502,1520118972,580,148028973,450166971.0,122661300
Kalimantan Timur,2015,11718039,183872,1.5691362693023978,1520118972,580,129229278,391389939.2,106645760
Kalimantan Timur,2016,11718039,313958,2.679270823386063,1520118972,580,200410821,668290998.8,182095640
Kalimantan Timur,2017,11718039,134297,1.1460706010621742,1520118972,580,93894983,285864594.2,77892260
Kalimantan Timur,2018,11718039,147742,1.2608082290902087,1520118972,580,106195817,314483621.2,85690360
Kalimantan Timur,2019,11718039,132059,1.1269718423022828,1520118972,580,97175202,281100787.4,76594220
Kalimantan Timur,2020,11718039,91821,0.7835867417747969,1520118972,580,66906288,195450180.6,53256180
Kalimantan Timur,2021,11718039,74061,0.6320255462539422,1520118972,580,53317833,157646244.6,42955380
Kalimantan Timur,2022,11718039,61563,0.5253694752168003,1520118972,580,42445205,131043001.8,35706540
Kalimantan Timur,2023,11718039,134307,1.1461559395731657,1520118972,580,90358293,285885880.2,77898060
Kalimantan Timur,2024,11718039,110376,0.9419323489194737,1520118972,580,73938627,234946353.6,64018080
Kalimantan Utara,2001,6837686,27060,0.3957479182284767,1038915205,617,19341740,61274393.4,16696020
Kalimantan Utara,2002,6837686,23604,0.345204503394862,1038915205,617,16603990,53448661.56,14563668
Kalimantan Utara,2003,6837686,16648,0.24347418117766745,1038915205,617,11813601,37697564.72,10271816
Kalimantan Utara,2004,6837686,36334,0.5313785979642821,1038915205,617,26651952,82274346.26,22418078
Kalimantan Utara,2005,6837686,23948,0.3502354451491338,1038915205,617,17285858,54227611.72,14775916
Kalimantan Utara,2006,6837686,24116,0.3526924167035456,1038915205,617,17979152,54608029.24,14879572
Kalimantan Utara,2007,6837686,30813,0.4506349077743553,1038915205,617,23003238,69772649.07,19011621
Kalimantan Utara,2008,6837686,39795,0.5819951369513019,1038915205,617,32121894,90111400.05,24553515
Kalimantan Utara,2009,6837686,51702,0.7561329958702403,1038915205,617,41983041,117073491.78,31900134
Kalimantan Utara,2010,6837686,29944,0.4379259299125465,1038915205,617,24417359,67804894.16,18475448
Kalimantan Utara,2011,6837686,41756,0.6106744299167877,1038915205,617,37909107,94551868.84,25763452
Kalimantan Utara,2012,6837686,60396,0.8832812738110525,1038915205,617,56397829,136760098.44,37264332
Kalimantan Utara,2013,6837686,31842,0.46568385854512767,1038915205,617,30264091,72102706.38,19646514
Kalimantan Utara,2014,6837686,59037,0.8634061289155426,1038915205,617,54653575,133682792.42999999,36425829
Kalimantan Utara,2015,6837686,47844,0.6997103991028544,1038915205,617,47042639,108337475.16,29519748
Kalimantan Utara,2016,6837686,38488,0.5628804832512052,1038915205,617,28230272,87151842.32,23747096
Kalimantan Utara,2017,6837686,33775,0.4939536562515448,1038915205,617,25163499,76479772.25,20839175
Kalimantan Utara,2018,6837686,36813,0.538383891860492,1038915205,617,27279257,83358989.07,22713621
Kalimantan Utara,2019,6837686,29326,0.4288877845516743,1038915205,617,21270456,66405501.14,18094142
Kalimantan Utara,2020,6837686,24481,0.35803047990211895,1038915205,617,17310809,55434531.589999996,15104777
Kalimantan Utara,2021,6837686,19260,0.28167423891649895,1038915205,617,14290997,43612151.4,11883420
Kalimantan Utara,2022,6837686,17636,0.25792351389051793,1038915205,617,13016817,39934782.04,10881412
Kalimantan Utara,2023,6837686,26441,0.3866951480369236,1038915205,617,19352139,59872735.99,16314097
Kalimantan Utara,2024,6837686,19954,0.29182387140912874,1038915205,617,14535488,45183638.06,12311618
Kepulauan Riau,2001,689780,1719,0.2492098930093653,65301369,398,950861,2510874.54,684162
Kepulauan Riau,2002,689780,5529,0.8015599176549044,65301369,398,3032378,8075989.14,2200542
Kepulauan Riau,2003,689780,1775,0.25732842355533647,65301369,398,1004387,2592671.5,706450
Kepulauan Riau,2004,689780,4533,0.6571660529444171,65301369,398,2430997,6621171.78,1804134
Kepulauan Riau,2005,689780,8092,1.1731276638928354,65301369,398,4393452,11819660.72,3220616
Kepulauan Riau,2006,689780,5433,0.787642436718954,65301369,398,3085049,7935765.78,2162334
Kepulauan Riau,2007,689780,2688,0.3896894662066166,65301369,398,1477674,3926254.08,1069824
Kepulauan Riau,2008,689780,8706,1.2621415523790194,65301369,398,4805679,12716505.959999999,3464988
Kepulauan Riau,2009,689780,5234,0.7587926585288063,65301369,398,2959989,7645094.4399999995,2083132
Kepulauan Riau,2010,689780,4797,0.6954391255182812,65301369,398,2717646,7006786.02,1909206
Kepulauan Riau,2011,689780,6945,1.0068427614601756,65301369,398,4023768,10144283.7,2764110
Kepulauan Riau,2012,689780,9375,1.3591289976514251,65301369,398,5569448,13693687.5,3731250
Kepulauan Riau,2013,689780,4763,0.6905100176867988,65301369,398,2926094,6957123.58,1895674
Kepulauan Riau,2014,689780,19231,2.787990373742353,65301369,398,10628370,28089952.46,7653938
Kepulauan Riau,2015,689780,5869,0.8508509959697295,65301369,398,3215468,8572613.54,2335862
Kepulauan Riau,2016,689780,13058,1.8930673548087795,65301369,398,6683777,19073298.28,5197084
Kepulauan Riau,2017,689780,7993,1.1587752616776363,65301369,398,4153721,11675055.379999999,3181214
Kepulauan Riau,2018,689780,6266,0.9084055785902752,65301369,398,3286840,9152495.56,2493868
Kepulauan Riau,2019,689780,8888,1.2885267766534256,65301369,398,4512761,12982346.08,3537424
Kepulauan Riau,2020,689780,8779,1.272724636840732,65301369,398,4743478,12823134.14,3494042
Kepulauan Riau,2021,689780,4391,0.6365797790599902,65301369,398,2380199,6413758.06,1747618
Kepulauan Riau,2022,689780,2845,0.4124503464872858,65301369,398,1560701,4155577.6999999997,1132310
Kepulauan Riau,2023,689780,3343,0.48464727884252945,65301369,398,1863024,4882986.38,1330514
Kepulauan Riau,2024,689780,2623,0.38026617182290007,65301369,398,1463611,3831311.1799999997,1043954
Lampung,2001,1783131,10335,0.5795984703311198,162224187,542,5670528,20557761.9,5601570
Lampung,2002,1783131,9346,0.5241342335476193,162224187,542,5294687,18590502.44,5065532
Lampung,2003,1783131,4981,0.2793401045688735,162224187,542,2998867,9907906.34,2699702
Lampung,2004,1783131,10520,0.5899734792339991,162224187,542,5711808,20925752.8,5701840
Lampung,2005,1783131,9319,0.522620043059091,162224187,542,4855209,18536795.66,5050898
Lampung,2006,1783131,14046,0.7877155408099573,162224187,542,7593744,27939460.439999998,7612932
Lampung,2007,1783131,15584,0.8739683175268671,162224187,542,8008809,30998757.759999998,8446528
Lampung,2008,1783131,16173,0.9070001026284665,162224187,542,9014570,32170361.22,8765766
Lampung,2009,1783131,23141,1.2977734109271837,162224187,542,11909937,46030688.74,12542422
Lampung,2010,1783131,14090,0.7901831104949665,162224187,542,7268716,28026982.599999998,7636780
Lampung,2011,1783131,16755,0.9396393198256325,162224187,542,8765231,33328040.7,9081210
Lampung,2012,1783131,30337,1.7013332166845845,162224187,542,16286859,60344540.18,16442654
Lampung,2013,1783131,5150,0.2888178154044767,162224187,542,2868658,10244071.0,2791300
Lampung,2014,1783131,11365,0.6373620334120151,162224187,542,6464907,22606576.099999998,6159830
Lampung,2015,1783131,14132,0.7925385179215659,162224187,542,8232115,28110526.48,7659544
Lampung,2016,1783131,16242,0.9108697005435944,162224187,542,9822903,32307611.88,8803164
Lampung,2017,1783131,11761,0.6595701605770973,162224187,542,7176394,23394275.54,6374462
Lampung,2018,1783131,10337,0.5797106325895294,162224187,542,6022118,20561740.18,5602654
Lampung,2019,1783131,13177,0.7389810395310271,162224187,542,7359432,26210897.78,7141934
Lampung,2020,1783131,9472,0.5312004558274181,162224187,542,4932831,18841134.08,5133824
Lampung,2021,1783131,7605,0.4264969876021448,162224187,542,4736570,15127409.7,4121910
Lampung,2022,1783131,7023,0.39385777040497866,162224187,542,4211817,13969730.219999999,3806466
Lampung,2023,1783131,21635,1.213315230344826,162224187,542,13073360,43035043.9,11726170
Lampung,2024,1783131,12943,0.725858055297115,162224187,542,8411703,25745439.02,7015106
Maluku,2001,4147416,4540,0.10946574927617582,591883031,566,3102087,9430578.8,2569640
Maluku,2002,4147416,14596,0.3519299727830534,591883031,566,10272420,30319103.12,8261336
Maluku,2003,4147416,4307,0.10384779342125314,591883031,566,2987945,8946586.54,2437762
Maluku,2004,4147416,7367,0.1776286728893364,591883031,566,5165836,15302879.74,4169722
Maluku,2005,4147416,5605,0.13514438869889106,591883031,566,3962250,11642818.1,3172430
Maluku,2006,4147416,12417,0.29939123541019275,591883031,566,8876804,25792840.74,7028022
Maluku,2007,4147416,4456,0.10744039180058138,591883031,566,3131701,9256092.32,2522096
Maluku,2008,4147416,2934,0.0707428432546916,591883031,566,2001727,6094563.4799999995,1660644
Maluku,2009,4147416,13425,0.3236955251173261,591883031,566,9538812,27886678.5,7598550
Maluku,2010,4147416,4397,0.10601781928796147,591883031,566,3293506,9133536.34,2488702
Maluku,2011,4147416,9380,0.22616491810804606,591883031,566,6986313,19484323.599999998,5309080
Maluku,2012,4147416,11375,0.27426715815341407,591883031,566,8416377,23628377.5,6438250
Maluku,2013,4147416,4668,0.11255200828660544,591883031,566,3359208,9696462.959999999,2642088
Maluku,2014,4147416,15224,0.3670719310529737,591883031,566,10167410,31623597.28,8616784
Maluku,2015,4147416,48979,1.1809521880611928,591883031,566,30025936,101740158.38,27722114
Maluku,2016,4147416,27623,0.6660291612898248,591883031,566,17247408,57379048.06,15634618
Maluku,2017,4147416,7333,0.17680888533969102,591883031,566,5231878,15232254.26,4150478
Maluku,2018,4147416,11187,0.2697342152318456,591883031,566,7896209,23237860.14,6331842
Maluku,2019,4147416,17179,0.4142097151575825,591883031,566,12066806,35684562.38,9723314
Maluku,2020,4147416,5660,0.13647051561743506,591883031,566,3871305,11757065.2,3203560
Maluku,2021,4147416,3727,0.0898631822802439,591883031,566,2647823,7741798.9399999995,2109482
Maluku,2022,4147416,5059,0.1219795651075272,591883031,566,3614175,10508655.98,2863394
Maluku,2023,4147416,14304,0.3448894444155108,591883031,566,9332047,29712554.88,8096064
Maluku,2024,4147416,5198,0.12533104950166563,591883031,566,3611267,10797389.56,2942068
Maluku Utara,2001,3073260,7354,0.2392898745957062,457822346,589,5328270,15896627.02,4331506
Maluku Utara,2002,3073260,23402,0.7614715318586778,457822346,589,16856591,50586465.26,13783778
Maluku Utara,2003,3073260,10039,0.32665638442565875,457822346,589,6295815,21700603.57,5912971
Maluku Utara,2004,3073260,12043,0.3918640141087965,457822346,589,9026573,26032510.09,7093327
Maluku Utara,2005,3073260,6418,0.20883361642034842,457822346,589,4839832,13873341.34,3780202
Maluku Utara,2006,3073260,16112,0.524264136454449,457822346,589,12155350,34828182.56,9489968
Maluku Utara,2007,3073260,5353,0.17417986112466893,457822346,589,4015715,11571205.39,3152917
Maluku Utara,2008,3073260,4956,0.16126198239003534,457822346,589,3739948,10713038.28,2919084
Maluku Utara,2009,3073260,13474,0.4384269472807377,457822346,589,10187823,29125802.62,7936186
Maluku Utara,2010,3073260,6067,0.19741251960458928,457822346,589,4719712,13114609.209999999,3573463
Maluku Utara,2011,3073260,5746,0.18696758490983517,457822346,589,4375824,12420725.98,3384394
Maluku Utara,2012,3073260,9010,0.2931740236751853,457822346,589,6856331,19476286.3,5306890
Maluku Utara,2013,3073260,6781,0.2206451780845096,457822346,589,5370606,14658013.03,3994009
Maluku Utara,2014,3073260,17979,0.5850139591183303,457822346,589,14161059,38863945.769999996,10589631
Maluku Utara,2015,3073260,45451,1.4789181520600274,457822346,589,32210077,98248245.13,26770639
Maluku Utara,2016,3073260,26859,0.8739579469358272,457822346,589,16672860,58059220.17,15819951
Maluku Utara,2017,3073260,10589,0.3445526899774181,457822346,589,8189078,22889500.07,6236921
Maluku Utara,2018,3073260,12375,0.4026668749145858,457822346,589,9463775,26750171.25,7288875
Maluku Utara,2019,3073260,14166,0.46094375353858774,457822346,589,10846791,30621650.58,8343774
Maluku Utara,2020,3073260,7423,0.24153504747401783,457822346,589,5722695,16045779.49,4372147
Maluku Utara,2021,3073260,6041,0.19656651243305157,457822346,589,4726723,13058406.83,3558149
Maluku Utara,2022,3073260,6358,0.20688129217833834,457822346,589,4975151,13743643.54,3744862
Maluku Utara,2023,3073260,11895,0.3870482809785049,457822346,589,9333767,25712588.849999998,7006155
Maluku Utara,2024,3073260,7303,0.2376303989899976,457822346,589,5735495,15786383.89,4301467
Nusa Tenggara Barat,2001,1134688,2882,0.2539905242674638,127759207,565,1778858,5975971.1,1628330
Nusa Tenggara Barat,2002,1134688,2675,0.23574762401646973,127759207,565,1611040,5546746.25,1511375
Nusa Tenggara Barat,2003,1134688,1719,0.1514953890408641,127759207,565,977513,3564432.4499999997,971235
Nusa Tenggara Barat,2004,1134688,4554,0.4013438055218703,127759207,565,2760908,9442946.7,2573010
Nusa Tenggara Barat,2005,1134688,2035,0.1793444541583237,127759207,565,1226044,4219674.25,1149775
Nusa Tenggara Barat,2006,1134688,2486,0.21909106291773597,127759207,565,1439702,5154845.3,1404590
Nusa Tenggara Barat,2007,1134688,1993,0.17564299613638287,127759207,565,1169479,4132585.15,1126045
Nusa Tenggara Barat,2008,1134688,2735,0.24103542119067092,127759207,565,1510575,5671159.25,1545275
Nusa Tenggara Barat,2009,1134688,1952,0.17202966806734538,127759207,565,1098667,4047569.6,1102880
Nusa Tenggara Barat,2010,1134688,1146,0.10099692602724274,127759207,565,707131,2376288.3,647490
Nusa Tenggara Barat,2011,1134688,2327,0.20507840040610284,127759207,565,1275580,4825150.85,1314755
Nusa Tenggara Barat,2012,1134688,3118,0.27478919315265515,127759207,565,1889978,6465328.899999999,1761670
Nusa Tenggara Barat,2013,1134688,1540,0.13572012747116388,127759207,565,807484,3193267.0,870100
Nusa Tenggara Barat,2014,1134688,7148,0.6299529033531684,127759207,565,3754861,14821735.4,4038620
Nusa Tenggara Barat,2015,1134688,4435,0.39085634112637124,127759207,565,2368835,9196194.25,2505775
Nusa Tenggara Barat,2016,1134688,4028,0.3549874502947066,127759207,565,2181863,8352259.399999999,2275820
Nusa Tenggara Barat,2017,1134688,6195,0.545965058236273,127759207,565,3398339,12845642.25,3500175
Nusa Tenggara Barat,2018,1134688,8144,0.7177303364449082,127759207,565,4504920,16886991.2,4601360
Nusa Tenggara Barat,2019,1134688,8705,0.7671712400236893,127759207,565,4815213,18050252.75,4918325
Nusa Tenggara Barat,2020,1134688,6598,0.5814814292563243,127759207,565,3713738,13681282.9,3727870
Nusa Tenggara Barat,2021,1134688,4816,0.42443385318254884,127759207,565,2851398,9986216.799999999,2721040
Nusa Tenggara Barat,2022,1134688,5616,0.49493781550523136,127759207,565,3339140,11645056.799999999,3173040
Nusa Tenggara Barat,2023,1134688,9928,0.8749541724244904,127759207,565,5833652,20586204.4,5609320
Nusa Tenggara Barat,2024,1134688,6153,0.5422636002143321,127759207,565,3756477,12758553.15,3476445
Nusa Tenggara Timur,2001,2298069,4725,0.2056074034330562,214376729,428,2770322,7421841.0,2022300
Nusa Tenggara Timur,2002,2298069,4608,0.2005161724909043,214376729,428,2645752,7238062.08,1972224
Nusa Tenggara Timur,2003,2298069,3848,0.16744492876410588,214376729,428,2203796,6044284.4799999995,1646944
Nusa Tenggara Timur,2004,2298069,4686,0.2039103264523389,214376729,428,2597500,7360581.359999999,2005608
Nusa Tenggara Timur,2005,2298069,5052,0.21983674119445498,214376729,428,2827115,7935479.52,2162256
Nusa Tenggara Timur,2006,2298069,6987,0.30403786831465895,214376729,428,3875489,10974900.12,2990436
Nusa Tenggara Timur,2007,2298069,5033,0.219009960101285,214376729,428,2666704,7905635.08,2154124
Nusa Tenggara Timur,2008,2298069,4451,0.1936843497736578,214376729,428,2386126,6991452.76,1905028
Nusa Tenggara Timur,2009,2298069,5917,0.25747703833087693,214376729,428,3216577,9294186.92,2532476
Nusa Tenggara Timur,2010,2298069,1779,0.07741281919733481,214376729,428,1012675,2794382.04,761412
Nusa Tenggara Timur,2011,2298069,7816,0.3401116328534957,214376729,428,4071094,12277060.16,3345248
Nusa Tenggara Timur,2012,2298069,4649,0.20230027906037634,214376729,428,2722862,7302463.24,1989772
Nusa Tenggara Timur,2013,2298069,2105,0.09159864216435624,214376729,428,989957,3306449.8,900940
Nusa Tenggara Timur,2014,2298069,9175,0.39924823841233664,214376729,428,4282692,14411723.0,3926900
Nusa Tenggara Timur,2015,2298069,7422,0.3229668038688133,214376729,428,3495774,11658180.72,3176616
Nusa Tenggara Timur,2016,2298069,7367,0.3205734901780582,214376729,428,3418512,11571788.92,3153076
Nusa Tenggara Timur,2017,2298069,10350,0.4503781218057421,214376729,428,4900375,16257366.0,4429800
Nusa Tenggara Timur,2018,2298069,5184,0.22558069405226736,214376729,428,2500304,8142819.84,2218752
Nusa Tenggara Timur,2019,2298069,7794,0.33915430737719365,214376729,428,3871869,12242503.44,3335832
Nusa Tenggara Timur,2020,2298069,6516,0.2835424001629194,214376729,428,3298605,10235072.16,2788848
Nusa Tenggara Timur,2021,2298069,9791,0.42605335174879433,214376729,428,5171428,15379311.16,4190548
Nusa Tenggara Timur,2022,2298069,7000,0.30460356064156474,214376729,428,3646502,10995320.0,2996000
Nusa Tenggara Timur,2023,2298069,8807,0.38323479408146577,214376729,428,4394288,13833683.32,3769396
Nusa Tenggara Timur,2024,2298069,6484,0.28214992674284367,214376729,428,3364347,10184807.84,2775152
Papua,2001,29567782,12589,0.04257674789404224,4327813396,592,8838336,27351364.96,7452688
Papua,2002,29567782,20479,0.0692611978808556,4327813396,592,14173627,44493494.56,12123568
Papua,2003,29567782,11731,0.03967494078521006,4327813396,592,8692085,25487239.84,6944752
Papua,2004,29567782,19129,0.0646954174648609,4327813396,592,14242138,41560430.56,11324368
Papua,2005,29567782,14728,0.04981097330871825,4327813396,592,11140598,31998641.919999998,8718976
Papua,2006,29567782,21300,0.07203786878569383,4327813396,592,15574624,46277232.0,12609600
Papua,2007,29567782,21135,0.07147982895707226,4327813396,592,15901374,45918746.4,12511920
Papua,2008,29567782,15555,0.052607936570960925,4327813396,592,11448106,33795415.2,9208560
Papua,2009,29567782,23129,0.07822365573447478,4327813396,592,16297140,50250990.56,13692368
Papua,2010,29567782,25679,0.08684790763135361,4327813396,592,18772331,55791222.56,15201968
Papua,2011,29567782,23157,0.07831835340236207,4327813396,592,18447796,50311824.48,13708944
Papua,2012,29567782,46692,0.15791512532120264,4327813396,592,40097203,101444906.88,27641664
Papua,2013,29567782,38013,0.12856223033570796,4327813396,592,33956004,82588564.32,22503696
Papua,2014,29567782,58753,0.19870614576365583,4327813396,592,49317369,127649117.92,34781776
Papua,2015,29567782,82032,0.27743711043324115,4327813396,592,64923772,178226004.48,48562944
Papua,2016,29567782,83052,0.28088681119199266,4327813396,592,59820204,180442097.28,49166784
Papua,2017,29567782,49615,0.167800885436723,4327813396,592,37129562,107795533.6,29372080
Papua,2018,29567782,34778,0.11762126763515775,4327813396,592,25181159,75560073.92,20588576
Papua,2019,29567782,34560,0.11688397864946379,4327813396,592,25142439,75086438.4,20459520
Papua,2020,29567782,29911,0.1011607837206051,4327813396,592,20495899,64985835.04,17707312
Papua,2021,29567782,26341,0.08908683106497471,4327813396,592,18116424,57229510.24,15593872
Papua,2022,29567782,28605,0.09674381392557616,4327813396,592,18952230,62148367.199999996,16934160
Papua,2023,29567782,22967,0.07767576208455541,4327813396,592,15850498,49899022.88,13596464
Papua,2024,29567782,22586,0.07638719738937469,4327813396,592,15394172,49071247.04,13370912
Papua Barat,2001,9456462,6078,0.06427350947954955,1522255533,644,4604143,14365231.44,3914232
Papua Barat,2002,9456462,14749,0.1559674220654617,1522255533,644,12655086,34858966.519999996,9498356
Papua Barat,2003,9456462,7247,0.07663542665322401,1522255533,644,5868047,17128139.56,4667068
Papua Barat,2004,9456462,12226,0.12928725352039694,1522255533,644,9453400,28895906.48,7873544
Papua Barat,2005,9456462,7085,0.07492231238279179,1522255533,644,5415616,16745255.799999999,4562740
Papua Barat,2006,9456462,11049,0.11684073811114558,1522255533,644,8219030,26114090.52,7115556
Papua Barat,2007,9456462,6648,0.07030113376440364,1522255533,644,5276483,15712415.04,4281312
Papua Barat,2008,9456462,7890,0.08343500983771733,1522255533,644,6250470,18647857.2,5081160
Papua Barat,2009,9456462,14431,0.15260464220127995,1522255533,644,11101790,34107379.88,9293564
Papua Barat,2010,9456462,11693,0.123650896075086,1522255533,644,9352312,27636171.64,7530292
Papua Barat,2011,9456462,11549,0.12212812783470182,1522255533,644,9930837,27295830.52,7437556
Papua Barat,2012,9456462,13560,0.143394009302845,1522255533,644,10671359,32048788.8,8732640
Papua Barat,2013,9456462,7906,0.08360420630887112,1522255533,644,6564699,18685672.88,5091464
Papua Barat,2014,9456462,17905,0.18934142600054862,1522255533,644,14574697,42318109.4,11530820
Papua Barat,2015,9456462,42462,0.4490262848832893,1522255533,644,36295012,100358087.76,27345528
Papua Barat,2016,9456462,26815,0.28356271087432067,1522255533,644,20168068,63376716.199999996,17268860
Papua Barat,2017,9456462,15891,0.16804382019406414,1522255533,644,11928741,37558060.68,10233804
Papua Barat,2018,9456462,20511,0.2168993012397237,1522255533,644,15793252,48477338.28,13209084
Papua Barat,2019,9456462,16558,0.17509719808528815,1522255533,644,12760381,39134501.839999996,10663352
Papua Barat,2020,9456462,16318,0.17255925101798114,1522255533,644,11678987,38567266.64,10508792
Papua Barat,2021,9456462,12209,0.12910748226979604,1522255533,644,9212286,28855727.32,7862596
Papua Barat,2022,9456462,13752,0.14542436695669056,1522255533,644,10889152,32502576.96,8856288
Papua Barat,2023,9456462,16565,0.17517122154141793,1522255533,644,13069356,39151046.199999996,10667860
Papua Barat,2024,9456462,12150,0.12848357028241641,1522255533,644,9595403,28716282.0,7824600
Riau,2001,7848784,156510,1.9940668516295008,769929678,449,142502622,257901873.29999998,70272990
Riau,2002,7848784,154561,1.9692349795840984,769929678,449,170548622,254690252.63,69397889
Riau,2003,7848784,57204,0.7288262742356013,769929678,449,56395856,94262467.32,25684596
Riau,2004,7848784,270588,3.4475149271530467,769929678,449,301611711,445883024.03999996,121494012
Riau,2005,7848784,355413,4.528255587107506,769929678,449,386280943,585660203.79,159580437
Riau,2006,7848784,202107,2.5750103455516165,769929678,449,191763473,333037977.81,90746043
Riau,2007,7848784,211991,2.7009406807474887,769929678,449,223212522,349325129.53,95183959
Riau,2008,7848784,204516,2.60570299806951,769929678,449,193468513,337007600.28,91827684
Riau,2009,7848784,247897,3.158412819106756,769929678,449,236941919,408492113.51,111305753
Riau,2010,7848784,341923,4.35638182933815,769929678,449,375946784,563430977.09,153523427
Riau,2011,7848784,255307,3.2528223480223177,769929678,449,306665838,420702533.81,114632843
Riau,2012,7848784,346655,4.416671423242122,769929678,449,358450343,571228508.65,155648095
Riau,2013,7848784,156345,1.9919646151556725,769929678,449,146387579,257629981.35,70198905
Riau,2014,7848784,282785,3.602914795463858,769929678,449,280256714,465981606.55,126970465
Riau,2015,7848784,90762,1.1563829505309358,769929678,449,65962142,149560346.46,40752138
Riau,2016,7848784,147085,1.8739845560790054,769929678,449,97650219,242371075.54999998,66041165
Riau,2017,7848784,123675,1.5757217933376686,769929678,449,70157029,203795375.25,55530075
Riau,2018,7848784,101107,1.2881868070264133,769929678,449,52176440,166607147.81,45397043
Riau,2019,7848784,102819,1.3099991030457712,769929678,449,51260141,169428232.77,46165731
Riau,2020,7848784,94605,1.2053459491304641,769929678,449,43544682,155892957.15,42477645
Riau,2021,7848784,95679,1.2190295974510192,769929678,449,49466719,157662726.57,42959871
Riau,2022,7848784,86882,1.1069485413281854,769929678,449,45532065,143166766.06,39010018
Riau,2023,7848784,115270,1.4686351414435663,769929678,449,54330510,189945364.1,51756230
Riau,2024,7848784,100670,1.282619065577547,769929678,449,48500529,165887046.1,45200830
Sulawesi Barat,2001,1513864,16400,1.0833205624811741,203031485,563,11843035,33885844.0,9233200
Sulawesi Barat,2002,1513864,12107,0.7997415884121691,203031485,563,8687195,25015604.47,6816241
Sulawesi Barat,2003,1513864,6885,0.4547964678465173,203031485,563,5090240,14225855.85,3876255
Sulawesi Barat,2004,1513864,15736,1.0394592909270581,203031485,563,11405812,32513880.56,8859368
Sulawesi Barat,2005,1513864,9396,0.6206634149434824,203031485,563,6978807,19414109.16,5289948
Sulawesi Barat,2006,1513864,11481,0.7583904498686804,203031485,563,8450973,23722157.009999998,6463803
Sulawesi Barat,2007,1513864,4152,0.27426505947694113,203031485,563,3025206,8578903.92,2337576
Sulawesi Barat,2008,1513864,12540,0.8283438935069465,203031485,563,8715298,25910273.4,7060020
Sulawesi Barat,2009,1513864,11858,0.7832936115793757,203031485,563,8390460,24501118.18,6676054
Sulawesi Barat,2010,1513864,7196,0.4753399248545444,203031485,563,5205107,14868447.16,4051348
Sulawesi Barat,2011,1513864,13855,0.9152077069010162,203031485,563,9370277,28627339.55,7800365
Sulawesi Barat,2012,1513864,13555,0.8953908673434338,203031485,563,9427932,28007476.55,7631465
Sulawesi Barat,2013,1513864,8072,0.5332050963626852,203031485,563,5461747,16678447.12,4544536
Sulawesi Barat,2014,1513864,14213,0.9388558021063979,203031485,563,9380976,29367042.73,8001919
Sulawesi Barat,2015,1513864,14055,0.9284189332727378,203031485,563,9184252,29040581.55,7912965
Sulawesi Barat,2016,1513864,13677,0.9034497154301839,203031485,563,8989089,28259554.169999998,7700151
Sulawesi Barat,2017,1513864,12564,0.829929240671553,203031485,563,8326215,25959862.44,7073532
Sulawesi Barat,2018,1513864,12974,0.8570122547335823,203031485,563,8594563,26807008.54,7304362
Sulawesi Barat,2019,1513864,13036,0.8611077349088161,203031485,563,8436215,26935113.56,7339268
Sulawesi Barat,2020,1513864,8513,0.5623358505123314,203031485,563,5713166,17589645.73,4792819
Sulawesi Barat,2021,1513864,9848,0.6505207865435733,203031485,563,6784710,20348036.08,5544424
Sulawesi Barat,2022,1513864,10043,0.6634017322560019,203031485,563,6983860,20750947.03,5654209
Sulawesi Barat,2023,1513864,14697,0.9708269699259644,203031485,563,9912927,30367088.37,8274411
Sulawesi Barat,2024,1513864,8456,0.5585706509963907,203031485,563,6090388,17471871.759999998,4760728
Sulawesi Selatan,2001,3038092,8487,0.27935296231977175,359011789,561,5643722,17473629.69,4761207
Sulawesi Selatan,2002,3038092,12727,0.4189142395951143,359011789,561,8416685,26203238.49,7139847
Sulawesi Selatan,2003,3038092,5984,0.1969657271735023,359011789,561,4144140,12320278.08,3357024
Sulawesi Selatan,2004,3038092,17831,0.5869144186548663,359011789,561,11875849,36711710.97,10003191
Sulawesi Selatan,2005,3038092,8573,0.28218368633997915,359011789,561,5723537,17650692.509999998,4809453
Sulawesi Selatan,2006,3038092,13891,0.45722776005466587,359011789,561,9030688,28599763.169999998,7792851
Sulawesi Selatan,2007,3038092,9525,0.3135191429357636,359011789,561,6083308,19610736.75,5343525
Sulawesi Selatan,2008,3038092,8126,0.2674705045140174,359011789,561,4761796,16730377.62,4558686
Sulawesi Selatan,2009,3038092,23379,0.7695290333538287,359011789,561,14107126,48134321.73,13115619
Sulawesi Selatan,2010,3038092,8401,0.27652223829956435,359011789,561,5170605,17296566.87,4712961
Sulawesi Selatan,2011,3038092,14390,0.4736525424509857,359011789,561,8967364,29627139.3,8072790
Sulawesi Selatan,2012,3038092,16130,0.5309253307668101,359011789,561,10535098,33209573.099999998,9048930
Sulawesi Selatan,2013,3038092,9008,0.29650188341893535,359011789,561,5614021,18546300.96,5053488
Sulawesi Selatan,2014,3038092,21475,0.7068581201622597,359011789,561,14045258,44214233.25,12047475
Sulawesi Selatan,2015,3038092,28080,0.9242643079933064,359011789,561,18521794,57813069.6,15752880
Sulawesi Selatan,2016,3038092,30886,1.0166249080014693,359011789,561,19955900,63590258.82,17327046
Sulawesi Selatan,2017,3038092,24051,0.7916481791861472,359011789,561,15568084,49517882.37,13492611
Sulawesi Selatan,2018,3038092,19442,0.6399411209403797,359011789,561,12319199,40028550.54,10906962
Sulawesi Selatan,2019,3038092,22925,0.7545854437587802,359011789,561,14043763,47199594.75,12860925
Sulawesi Selatan,2020,3038092,14268,0.4696368641897612,359011789,561,9204426,29375957.16,8004348
Sulawesi Selatan,2021,3038092,10243,0.3371523969649372,359011789,561,6864991,21089005.41,5746323
Sulawesi Selatan,2022,3038092,15943,0.5247701517926383,359011789,561,10626634,32824564.41,8944023
Sulawesi Selatan,2023,3038092,26949,0.8870369955880204,359011789,561,16810527,55484487.629999995,15118389
Sulawesi Selatan,2024,3038092,9599,0.31595488220896534,359011789,561,6390102,19763093.13,5385039
Sulawesi Tengah,2001,5659031,17547,0.3100707523955957,785368439,564,12428948,36320184.36,9896508
Sulawesi Tengah,2002,5659031,33169,0.5861250804245463,785368439,564,23385492,68655849.72,18707316
Sulawesi Tengah,2003,5659031,20131,0.3557322799610039,785368439,564,13841708,41668754.28,11353884
Sulawesi Tengah,2004,5659031,40160,0.7096621312023207,785368439,564,28834641,83126380.8,22650240
Sulawesi Tengah,2005,5659031,18074,0.319383300780646,785368439,564,13144848,37411011.12,10193736
Sulawesi Tengah,2006,5659031,30635,0.5413470963491807,785368439,564,22045753,63410773.8,17278140
Sulawesi Tengah,2007,5659031,20347,0.3595491878379885,785368439,564,14464731,42115848.36,11475708
Sulawesi Tengah,2008,5659031,16733,0.29568666437769997,785368439,564,11829213,34635302.04,9437412
Sulawesi Tengah,2009,5659031,52427,0.9264306910494041,785368439,564,36157946,108517598.75999999,29568828
Sulawesi Tengah,2010,5659031,21980,0.3884057182227841,785368439,564,15667417,45495962.4,12396720
Sulawesi Tengah,2011,5659031,26195,0.46288843443338623,785368439,564,18729086,54220506.6,14773980
Sulawesi Tengah,2012,5659031,37172,0.6568615722373671,785368439,564,27777898,76941579.36,20965008
Sulawesi Tengah,2013,5659031,28515,0.5038848523713689,785368439,564,21307812,59022628.199999996,16082460
Sulawesi Tengah,2014,5659031,46762,0.8263252136275626,785368439,564,31992205,96791728.56,26373768
Sulawesi Tengah,2015,5659031,91932,1.624518402532165,785368439,564,57308397,190288208.16,51849648
Sulawesi Tengah,2016,5659031,74262,1.3122741331510641,785368439,564,41189343,153713428.56,41883768
Sulawesi Tengah,2017,5659031,36947,0.6528856265321749,785368439,564,25193733,76475856.36,20838108
Sulawesi Tengah,2018,5659031,37525,0.6630993892770688,785368439,564,25296803,77672247.0,21164100
Sulawesi Tengah,2019,5659031,45513,0.8042542972462954,785368439,564,30572299,94206448.44,25669332
Sulawesi Tengah,2020,5659031,26788,0.473367260225293,785368439,564,18237145,55447945.44,15108432
Sulawesi Tengah,2021,5659031,22583,0.39906125271269943,785368439,564,15613883,46744100.04,12736812
Sulawesi Tengah,2022,5659031,24645,0.43549858624206156,785368439,564,17154002,51012192.6,13899780
Sulawesi Tengah,2023,5659031,43093,0.7614907923282273,785368439,564,29829629,89197338.84,24304452
Sulawesi Tengah,2024,5659031,28744,0.5079314815557645,785368439,564,20285309,59496630.72,16211616
Sulawesi Tenggara,2001,3163838,15947,0.5040397137906555,418959491,551,10169831,32247544.99,8786797
Sulawesi Tenggara,2002,3163838,15851,0.5010054244243859,418959491,551,10377807,32053416.669999998,8733901
Sulawesi Tenggara,2003,3163838,13418,0.4241051532979881,418959491,551,9347131,27133477.06,7393318
Sulawesi Tenggara,2004,3163838,41603,1.3149535469262332,418959491,551,29328104,84128338.51,22923253
Sulawesi Tenggara,2005,3163838,16418,0.5189266959939163,418959491,551,11463861,33199987.06,9046318
Sulawesi Tenggara,2006,3163838,44384,1.4028531170053586,418959491,551,29285970,89751993.28,24455584
Sulawesi Tenggara,2007,3163838,9984,0.315566094092049,418959491,551,6969525,20189345.28,5501184
Sulawesi Tenggara,2008,3163838,8700,0.27498247381819174,418959491,551,5790844,17592879.0,4793700
Sulawesi Tenggara,2009,3163838,30091,0.9510916804210583,418959491,551,19951838,60849117.47,16580141
Sulawesi Tenggara,2010,3163838,7630,0.241162790256644,418959491,551,5476674,15429157.1,4204130
Sulawesi Tenggara,2011,3163838,22949,0.7253531944429519,418959491,551,14926665,46406779.33,12644899
Sulawesi Tenggara,2012,3163838,23041,0.728261055085627,418959491,551,15481424,46592818.97,12695591
Sulawesi Tenggara,2013,3163838,15485,0.4894371962154826,418959491,551,10210219,31313302.45,8532235
Sulawesi Tenggara,2014,3163838,39717,1.2553424037513932,418959491,551,25294326,80314525.89,21884067
Sulawesi Tenggara,2015,3163838,43540,1.3761766563269042,418959491,551,28523866,88045281.8,23990540
Sulawesi Tenggara,2016,3163838,38445,1.2151380696483196,418959491,551,25372965,77742325.64999999,21183195
Sulawesi Tenggara,2017,3163838,27135,0.8576608536846704,418959491,551,18303384,54871582.949999996,14951385
Sulawesi Tenggara,2018,3163838,24214,0.7653362782797349,418959491,551,15859900,48964824.38,13341914
Sulawesi Tenggara,2019,3163838,34956,1.104860615492955,418959491,551,23569141,70686974.52,19260756
Sulawesi Tenggara,2020,3163838,18920,0.5980078626023203,418959491,551,13097017,38259456.4,10424920
Sulawesi Tenggara,2021,3163838,12405,0.39208707904766305,418959491,551,8748481,25085018.849999998,6835155
Sulawesi Tenggara,2022,3163838,13369,0.42255640143395456,418959491,551,9496938,27034390.73,7366319
Sulawesi Tenggara,2023,3163838,34164,1.07982772822123,418959491,551,23182187,69085415.88,18824364
Sulawesi Tenggara,2024,3163838,16908,0.5344142146342512,418959491,551,11842099,34190850.36,9316308
Sulawesi Utara,2001,1305508,4520,0.3462253774009811,174301375,658,3294206,10915167.2,2974160
Sulawesi Utara,2002,1305508,7683,0.5885065430468446,174301375,658,5721596,18553369.38,5055414
Sulawesi Utara,2003,1305508,2910,0.22290173633558738,174301375,658,2303683,7027242.6,1914780
Sulawesi Utara,2004,1305508,6841,0.5240105767256884,174301375,658,5135478,16520057.26,4501378
Sulawesi Utara,2005,1305508,3473,0.26602671144106355,174301375,658,2625402,8386808.78,2285234
Sulawesi Utara,2006,1305508,4894,0.37487322942486756,174301375,658,3603132,11818324.84,3220252
Sulawesi Utara,2007,1305508,4278,0.3276885319737604,174301375,658,3172735,10330771.08,2814924
Sulawesi Utara,2008,1305508,1609,0.12324704253057048,174301375,658,1174697,3885509.7399999998,1058722
Sulawesi Utara,2009,1305508,6999,0.5361131452277581,174301375,658,5093019,16901605.14,4605342
Sulawesi Utara,2010,1305508,2037,0.15603121543491116,174301375,658,1489483,4919069.82,1340346
Sulawesi Utara,2011,1305508,3116,0.2386810345091719,174301375,658,2254193,7524703.76,2050328
Sulawesi Utara,2012,1305508,2671,0.20459468651283638,174301375,658,1871892,6450091.06,1757518
Sulawesi Utara,2013,1305508,1715,0.13136648722183242,174301375,658,1209358,4141484.9,1128470
Sulawesi Utara,2014,1305508,6875,0.526614926909678,174301375,658,4862561,16602162.5,4523750
Sulawesi Utara,2015,1305508,15596,1.1946307491030312,174301375,658,10853927,37662156.56,10262168
Sulawesi Utara,2016,1305508,8782,0.6726883328175699,174301375,658,5885109,21207300.52,5778556
Sulawesi Utara,2017,1305508,5777,0.44250973567377605,174301375,658,4201972,13950646.219999999,3801266
Sulawesi Utara,2018,1305508,7455,0.5710420771071492,174301375,658,5429694,18002781.3,4905390
Sulawesi Utara,2019,1305508,8921,0.6833355291579982,174301375,658,6485071,21542966.06,5870018
Sulawesi Utara,2020,1305508,3124,0.23929382278775774,174301375,658,2242271,7544022.64,2055592
Sulawesi Utara,2021,1305508,2824,0.21631426234078993,174301375,658,2165404,6819564.64,1858192
Sulawesi Utara,2022,1305508,2731,0.2091905986022299,174301375,658,2103626,6594982.66,1796998
Sulawesi Utara,2023,1305508,5793,0.44373531223094764,174301375,658,4498387,13989283.98,3811794
Sulawesi Utara,2024,1305508,3474,0.2661033099758868,174301375,658,2607491,8389223.64,2285892
Sumatera Barat,2001,3810773,15016,0.3940407890997443,514069620,693,9017154,38190342.96,10406088
Sumatera Barat,2002,3810773,15384,0.40369762250336083,514069620,693,10946027,39126281.04,10661112
Sumatera Barat,2003,3810773,9833,0.2580316382004386,514069620,693,6925240,25008367.23,6814269
Sumatera Barat,2004,3810773,26547,0.6966303162114353,514069620,693,19550162,67517250.57,18397071
Sumatera Barat,2005,3810773,29284,0.7684530146508334,514069620,693,23398786,74478290.03999999,20293812
Sumatera Barat,2006,3810773,32715,0.8584872413024864,514069620,693,23944895,83204386.64999999,22671495
Sumatera Barat,2007,3810773,31672,0.8311174661938666,514069620,693,23416049,80551714.32,21948696
Sumatera Barat,2008,3810773,34037,0.893178365649174,514069620,693,25112921,86566642.47,23587641
Sumatera Barat,2009,3810773,40537,1.063747433919575,514069620,693,29260461,103098157.47,28092141
Sumatera Barat,2010,3810773,22960,0.6025024319212926,514069620,693,15887809,58394397.6,15911280
Sumatera Barat,2011,3810773,42570,1.1170961901955325,514069620,693,30825617,108268706.7,29501010
Sumatera Barat,2012,3810773,36511,0.9580995771724005,514069620,693,28198779,92858791.41,25302123
Sumatera Barat,2013,3810773,22433,0.5886732166938309,514069620,693,15784603,57054073.23,15546069
Sumatera Barat,2014,3810773,30560,0.801937034822069,514069620,693,19153561,77723553.6,21178080
Sumatera Barat,2015,3810773,22500,0.5904313901667719,514069620,693,14375404,57224475.0,15592500
Sumatera Barat,2016,3810773,39172,1.0279279295827906,514069620,693,25164386,99626539.32,27146196
Sumatera Barat,2017,3810773,51512,1.3517467453453669,514069620,693,32806043,131010984.72,35697816
Sumatera Barat,2018,3810773,37400,0.9814281774327676,514069620,693,22459269,95119794.0,25918200
Sumatera Barat,2019,3810773,30977,0.8128796965864931,514069620,693,17493056,78784113.87,21467061
Sumatera Barat,2020,3810773,30395,0.7976072046275126,514069620,693,14199181,77303907.45,21063735
Sumatera Barat,2021,3810773,35801,0.939468186638249,514069620,693,18921715,91053041.31,24810093
Sumatera Barat,2022,3810773,35602,0.9342461490096629,514069620,693,21147747,90546922.62,24672186
Sumatera Barat,2023,3810773,35180,0.923172280269646,514069620,693,20412308,89473645.8,24379740
Sumatera Barat,2024,3810773,32209,0.8452090953725135,514069620,693,18836603,81917471.78999999,22320837
Sumatera Selatan,2001,7037599,59014,0.8385530349200062,551168979,417,31281401,90314435.46,24608838
Sumatera Selatan,2002,7037599,65958,0.9372230500771641,551168979,417,46501832,100941463.62,27504486
Sumatera Selatan,2003,7037599,30693,0.4361288558782619,551168979,417,19401195,46972260.269999996,12798981
Sumatera Selatan,2004,7037599,102154,1.4515461878404836,551168979,417,69740460,156335460.06,42598218
Sumatera Selatan,2005,7037599,87403,1.2419434525894413,551168979,417,65351204,133760677.17,36447051
Sumatera Selatan,2006,7037599,170369,2.420839834722041,551168979,417,143867576,260731013.91,71043873
Sumatera Selatan,2007,7037599,173988,2.4722636228634225,551168979,417,173093278,266269495.32,72552996
Sumatera Selatan,2008,7037599,189246,2.6890705196473967,551168979,417,154544676,289620185.94,78915582
Sumatera Selatan,2009,7037599,201438,2.862311421835771,551168979,417,151514614,308278700.82,83999646
Sumatera Selatan,2010,7037599,120180,1.7076846805281174,551168979,417,102276017,183922270.2,50115060
Sumatera Selatan,2011,7037599,132284,1.8796751562571268,551168979,417,109002471,202446110.76,55162428
Sumatera Selatan,2012,7037599,361299,5.1338389697963756,551168979,417,283338468,552928376.61,150661683
Sumatera Selatan,2013,7037599,100948,1.434409661590551,551168979,417,79944249,154489809.72,42095316
Sumatera Selatan,2014,7037599,159552,2.267136845961243,551168979,417,113533856,244176785.28,66533184
Sumatera Selatan,2015,7037599,169040,2.401955553307314,551168979,417,136997228,258697125.6,70489680
Sumatera Selatan,2016,7037599,275754,3.918296566769434,551168979,417,252613872,422011164.06,114989418
Sumatera Selatan,2017,7037599,124661,1.7713569642146418,551168979,417,91449446,190779947.79,51983637
Sumatera Selatan,2018,7037599,125458,1.7826818493068446,551168979,417,78647711,191999668.62,52315986
Sumatera Selatan,2019,7037599,102590,1.4577414825709734,551168979,417,64381568,157002710.1,42780030
Sumatera Selatan,2020,7037599,108366,1.539814928358379,551168979,417,67795114,165842242.74,45188622
Sumatera Selatan,2021,7037599,77866,1.1064284850557697,551168979,417,49699965,119165347.74,32470122
Sumatera Selatan,2022,7037599,87810,1.247726674964004,551168979,417,53559197,134383545.9,36616770
Sumatera Selatan,2023,7037599,139240,1.9785156841132892,551168979,417,82593587,213091503.6,58063080
Sumatera Selatan,2024,7037599,120445,1.7114501692977961,551168979,417,69986009,184327823.54999998,50225565
Sumatera Utara,2001,5784850,54337,0.9392983396285124,646605358,572,20198258,114066403.88,31080764
Sumatera Utara,2002,5784850,39735,0.686880385835415,646605358,572,19718932,83413301.39999999,22728420
Sumatera Utara,2003,5784850,37482,0.6479338271519572,646605358,572,17289127,78683713.67999999,21439704
Sumatera Utara,2004,5784850,72385,1.2512856858864103,646605358,572,32988896,151953487.4,41404220
Sumatera Utara,2005,5784850,74515,1.2881060010199055,646605358,572,42128425,156424868.6,42622580
Sumatera Utara,2006,5784850,66724,1.1534266229893602,646605358,572,36172537,140069689.76,38166128
Sumatera Utara,2007,5784850,52432,0.906367494403485,646605358,572,27915975,110067351.67999999,29991104
Sumatera Utara,2008,5784850,65671,1.1352239038177308,646605358,572,39202488,137859190.04,37563812
Sumatera Utara,2009,5784850,121059,2.0926903895520197,646605358,572,70173476,254131895.16,69245748
Sumatera Utara,2010,5784850,93338,1.6134904102958592,646605358,572,47346780,195938863.12,53389336
Sumatera Utara,2011,5784850,100568,1.7384720433546246,646605358,572,55309139,211116368.32,57524896
Sumatera Utara,2012,5784850,89313,1.5439121152666015,646605358,572,46721516,187489422.12,51087036
Sumatera Utara,2013,5784850,53252,0.9205424514032343,646605358,572,24688366,111788728.48,30460144
Sumatera Utara,2014,5784850,85505,1.4780849978823998,646605358,572,43983016,179495516.2,48908860
Sumatera Utara,2015,5784850,53040,0.9168777064228114,646605358,572,27395935,111343689.6,30338880
Sumatera Utara,2016,5784850,79282,1.3705109034806433,646605358,572,39048200,166431945.68,45349304
Sumatera Utara,2017,5784850,74551,1.2887283162052603,646605358,572,34312671,156500441.24,42643172
Sumatera Utara,2018,5784850,66196,1.1442993336041558,646605358,572,30145097,138961291.04,37864112
Sumatera Utara,2019,5784850,51889,0.8969809070243827,646605358,572,22715314,108927464.36,29680508
Sumatera Utara,2020,5784850,50234,0.8683716950309861,646605358,572,21464976,105453222.16,28733848
Sumatera Utara,2021,5784850,59204,1.0234318953819026,646605358,572,27002431,124283404.96,33864688
Sumatera Utara,2022,5784850,49218,0.8508085775776381,646605358,572,25054722,103320394.32,28152696
Sumatera Utara,2023,5784850,65335,1.129415628754419,646605358,572,31631987,137153845.4,37371620
Sumatera Utara,2024,5784850,64259,1.1108153193254795,646605358,572,31182206,134895063.16,36756148
Yogyakarta,2001,133245,83,0.062291267965026834,10315651,323,44923,98389.03,26809
Yogyakarta,2002,133245,33,0.024766407745131152,10315651,323,16772,39118.53,10659
Yogyakarta,2003,133245,8,0.0060039776351833085,10315651,323,4432,9483.28,2584
Yogyakarta,2004,133245,70,0.052534804307853955,10315651,323,34080,82978.7,22610
Yogyakarta,2005,133245,15,0.011257458065968704,10315651,323,7815,17781.15,4845
Yogyakarta,2006,133245,61,0.04578032946827273,10315651,323,32811,72310.01,19703
Yogyakarta,2007,133245,18,0.013508949679162446,10315651,323,9866,21337.38,5814
Yogyakarta,2008,133245,28,0.02101392172314158,10315651,323,14506,33191.479999999996,9044
Yogyakarta,2009,133245,25,0.018762430109947843,10315651,323,13712,29635.25,8075
Yogyakarta,2010,133245,143,0.10732110022890165,10315651,323,97185,169513.63,46189
Yogyakarta,2011,133245,173,0.12983601636083905,10315651,323,111356,205075.93,55879
Yogyakarta,2012,133245,55,0.04127734624188525,10315651,323,30725,65197.549999999996,17765
Yogyakarta,2013,133245,27,0.020263424518743665,10315651,323,13291,32006.07,8721
Yogyakarta,2014,133245,59,0.0442793350594769,10315651,323,29271,69939.19,19057
Yogyakarta,2015,133245,42,0.031520882584712376,10315651,323,22184,49787.22,13566
Yogyakarta,2016,133245,67,0.050283312694660215,10315651,323,35123,79422.47,21641
Yogyakarta,2017,133245,108,0.08105369807497466,10315651,323,59040,128024.28,34884
Yogyakarta,2018,133245,140,0.10506960861570791,10315651,323,69380,165957.4,45220
Yogyakarta,2019,133245,69,0.051784307103456044,10315651,323,37201,81793.29,22287
Yogyakarta,2020,133245,56,0.04202784344628316,10315651,323,30667,66382.95999999999,18088
Yogyakarta,2021,133245,71,0.05328530151225187,10315651,323,40413,84164.11,22933
Yogyakarta,2022,133245,36,0.027017899358324892,10315651,323,20041,42674.76,11628
Yogyakarta,2023,133245,107,0.08030320087057677,10315651,323,56440,126838.87,34561
Yogyakarta,2024,133245,108,0.08105369807497466,10315651,323,62309,128024.28,34884
