subnational1,year,predicted_loss_ha,predicted_loss_rate_%,predicted_emission_CO2e
Aceh,2025,43713.67,0.8769555182570374,87273471.625
Bali,2025,215.65999,0.05900652240264862,388612.8293031311
Bangka Belitung,2025,33783.625,2.5347002089515285,35088010.76125
Banten,2025,2134.1572,0.3799305398857622,4017999.1520214844
Bengkulu,2025,24762.676,1.379382563572304,45348631.038476564
Gorontalo,2025,4179.0063,0.41668848795416635,6548879.057348632
Jakarta Raya,2025,0.021272711,0.0016338488061307212,7.026376593858004
Jambi,2025,94834.76,2.114872133090435,211610485.1925
Jawa Barat,2025,4189.9473,0.20874691811064225,7350256.890195312
Jawa Tengah,2025,2588.0503,0.1717326340055029,4416637.2274658205
Jawa Timur,2025,4361.299,0.2274991016526852,7314726.781542969
Kalimantan Barat,2025,200944.62,1.473157969939149,436580330.06
Kalimantan Selatan,2025,34199.8,1.2136161707578546,51460440.23554687
Kalimantan Tengah,2025,144995.55,1.0195960916556435,284691506.51171875
Kalimantan Timur,2025,105826.305,0.9031059265761106,225261872.1578125
Kalimantan Utara,2025,23636.824,0.34568455203631754,53522988.392695315
Kepulauan Riau,2025,2540.6118,0.36832204708838323,3710970.0557519533
Lampung,2025,13682.145,0.7673101152551326,27215700.972890623
Maluku,2025,7048.4736,0.16994855671127518,14641230.39955078
Maluku Utara,2025,8563.352,0.2786406474720655,18510797.638046876
Nusa Tenggara Barat,2025,4473.636,0.39426135029794535,9276308.405688476
Nusa Tenggara Timur,2025,4743.8276,0.20642668417348436,7451414.698652344
Papua,2025,24995.012,0.08453461852076019,54305162.260625
Papua Barat,2025,11108.146,0.1174661991384833,26253882.052890625
Riau,2025,96528.04,1.2298470573594587,159061798.60835937
Sulawesi Barat,2025,9062.667,0.5986447258265934,18725373.165927734
Sulawesi Selatan,2025,8880.429,0.2923028239743069,18283648.26008789
Sulawesi Tengah,2025,34281.21,0.6057788150921951,70957992.8953125
Sulawesi Tenggara,2025,21611.799,0.6830880351056218,43702731.23626953
Sulawesi Utara,2025,2687.7637,0.20587875921671872,6490572.980664062
Sumatera Barat,2025,28646.246,0.7517174624085455,72856284.15269531
Sumatera Selatan,2025,117186.19,1.6651444263874653,179340569.488125
Sumatera Utara,2025,69354.734,1.1989028993837352,145592232.589375
Yogyakarta,2025,83.101585,0.0623675075148663,98509.45033500671
Aceh,2026,44832.484,0.8994004137253375,89507158.405
Bali,2026,212.13272,0.058041430140023706,382256.7991653442
Bangka Belitung,2026,33574.11,2.5189807798356147,34870405.73796875
Banten,2026,2268.049,0.4037664600284527,4270078.668845215
Bengkulu,2026,27619.266,1.5385063293783423,50579989.71703125
Gorontalo,2026,4250.7964,0.42384666871259014,6661380.509663085
Jakarta Raya,2026,0.013255644,0.0010180985912703515,4.378339100349694
Jambi,2026,95313.95,2.125558476748501,212679742.445
Jawa Barat,2026,4949.0337,0.24656528238015582,8681891.843486328
Jawa Tengah,2026,2892.377,0.1919265301939652,4935985.889355469
Jawa Timur,2026,4503.84,0.23493449057724788,7553795.147539062
Kalimantan Barat,2026,230392.44,1.6890447082962896,500559825.40999997
Kalimantan Selatan,2026,38527.688,1.367195817045232,57972611.38125
Kalimantan Tengah,2026,160453.77,1.128296943241421,315042946.11640626
Kalimantan Timur,2026,106717.164,0.91070838783264,227158155.4234375
Kalimantan Utara,2026,25126.176,0.3674660664623968,56895461.177304685
Kepulauan Riau,2026,1989.2811,0.28839356431466373,2905663.3723217775
Lampung,2026,15249.974,0.8552357416708307,30334332.551972657
Maluku,2026,7703.4214,0.18574026301482055,16001700.972919922
Maluku Utara,2026,9163.929,0.29818266957359607,19809023.219423827
Nusa Tenggara Barat,2026,3435.5142,0.3027717011333732,7123710.386791992
Nusa Tenggara Timur,2026,3662.7397,0.15938336690907673,5753285.083574219
Papua,2026,24758.188,0.0837336649059439,53790628.49
Papua Barat,2026,10181.569,0.10766785015302235,24063935.49410156
Riau,2026,93764.22,1.1946337005834278,154507492.5828125
Sulawesi Barat,2026,8627.995,0.569931983136365,17827249.791083984
Sulawesi Selatan,2026,7424.7876,0.24438982090260103,15286672.441186523
Sulawesi Tengah,2026,36401.12,0.6432394714527983,75345952.52953126
Sulawesi Tenggara,2026,25457.598,0.8046428943659568,51479590.25253906
Sulawesi Utara,2026,2409.5312,0.18456656336077604,5818680.634374999
Sumatera Barat,2026,27959.266,0.7336901364893684,71109079.85671875
Sumatera Selatan,2026,121758.33,1.7301117629037972,186337727.77921873
Sumatera Utara,2026,70760.164,1.2231979059526177,148542566.80656248
Yogyakarta,2026,79.283554,0.05950208568963071,93983.51783859252
Aceh,2027,43815.68,0.8790019332626906,87477128.1825
Bali,2027,212.51602,0.05814630469882912,382947.4956741333
Bangka Belitung,2027,32861.12,2.465487066669418,34129888.97917969
Banten,2027,2260.0923,0.40234996344394836,4255098.346186523
Bengkulu,2027,27322.117,1.5219539431539661,50035812.86898437
Gorontalo,2027,4229.0938,0.42168270002562547,6627370.5246875
Jakarta Raya,2027,0.07877365,0.006050203344605851,26.018935784697533
Jambi,2027,93967.875,2.095540125026092,209676157.56
Jawa Barat,2027,5255.45,0.2618312265063347,9219426.059628906
Jawa Tengah,2027,3075.7073,0.20409159484564104,5248848.250817871
Jawa Timur,2027,4503.926,0.23493897334827982,7553939.281054688
Kalimantan Barat,2027,223923.06,1.6416166601871396,486504202.51
Kalimantan Selatan,2027,38066.613,1.3508341098126762,57278833.00429688
Kalimantan Tengah,2027,157228.78,1.105619133230916,308710850.54531246
Kalimantan Timur,2027,105787.055,0.9027709729204689,225178324.6078125
Kalimantan Utara,2027,24904.305,0.3642212392832897,56393058.49132812
Kepulauan Riau,2027,1999.5315,0.28987959844307243,2920635.672231445
Lampung,2027,14372.371,0.8060188002872476,28588658.237421874
Maluku,2027,7976.2974,0.19231968443197525,16568524.408955079
Maluku Utara,2027,8942.706,0.2909843636622837,19330821.68899414
Nusa Tenggara Barat,2027,3128.289,0.2756959677461998,6486663.785546875
Nusa Tenggara Timur,2027,3071.268,0.13364559838743964,4824225.027988281
Papua,2027,24624.902,0.08328288656805573,53501047.828125
Papua Barat,2027,9761.773,0.10322860111424337,23071756.2840625
Riau,2027,91062.945,1.1602172427283004,150056253.1742969
Sulawesi Barat,2027,8036.748,0.5308764886987867,16605609.181933593
Sulawesi Selatan,2027,6769.3545,0.22281598095737393,13937220.883330077
Sulawesi Tengah,2027,35770.65,0.6320984712312054,74040949.7878125
Sulawesi Tenggara,2027,28160.48,0.8900734003684765,56945278.78949219
Sulawesi Utara,2027,2358.594,0.18066484419403211,5695674.29269043
Sumatera Barat,2027,26804.223,0.7033801975675277,68171447.52386719
Sumatera Selatan,2027,120899.42,1.7179072276638667,185023266.24328125
Sumatera Utara,2027,69901.164,1.2083487741687338,146739319.6465625
Yogyakarta,2027,65.246284,0.04896715410324085,77343.59809120178
Aceh,2028,43855.984,0.8798104999329951,87557595.685
Bali,2028,210.9392,0.05771487030263511,380106.09891769406
Bangka Belitung,2028,33183.645,2.489685187043505,34464865.04660156
Banten,2028,2253.067,0.40109927749642615,4241871.57300293
Bengkulu,2028,27418.02,1.5272960968833555,50211441.70816406
Gorontalo,2028,4217.7163,0.4205482559827212,6609541.050034179
Jakarta Raya,2028,0.07620058,0.005852579269357907,25.169052263349293
Jambi,2028,94053.86,2.09745762829982,209868019.655
Jawa Barat,2028,5389.6465,0.2685170055836767,9454841.241679687
Jawa Tengah,2028,3089.2695,0.2049915317317652,5271992.918554687
Jawa Timur,2028,4499.6143,0.23471407068798503,7546708.037060547
Kalimantan Barat,2028,223583.34,1.6391261263691774,485766115.965
Kalimantan Selatan,2028,37778.113,1.3405963816018265,56844727.05429687
Kalimantan Tengah,2028,156249.7,1.09873434089632,306788479.60078126
Kalimantan Timur,2028,105487.54,0.9002149511748511,224540775.6484375
Kalimantan Utara,2028,25077.387,0.36675253468424845,56784983.71207031
Kepulauan Riau,2028,1999.6746,0.28990033931788034,2920844.6436083983
Lampung,2028,14066.728,0.788877964606218,27980690.41705078
Maluku,2028,8283.144,0.19971817523700297,17205911.454667967
Maluku Utara,2028,9188.32,0.2989763414907948,19861748.837109376
Nusa Tenggara Barat,2028,3062.1025,0.2698629525528163,6349422.7198730465
Nusa Tenggara Timur,2028,2912.9404,0.12675600383136887,4575530.309335938
Papua,2028,24880.209,0.08414634883460315,54055737.2478125
Papua Barat,2028,9873.538,0.10441048762145398,23335909.79535156
Riau,2028,91198.18,1.16194024052006,150279096.43445313
Sulawesi Barat,2028,8174.716,0.5399901061332127,16890679.57508789
Sulawesi Selatan,2028,6146.1475,0.20230287499317007,12654118.622900391
Sulawesi Tengah,2028,35715.938,0.6311316813779603,73927704.7125
Sulawesi Tenggara,2028,29189.43,0.9225955844610249,59025989.03117187
Sulawesi Utara,2028,2356.0696,0.18047147777555747,5689578.186147461
Sumatera Barat,2028,27074.58,0.7104747534981748,68859050.25849609
Sumatera Selatan,2028,121110.26,1.7209030780597188,185345927.45367187
Sumatera Utara,2028,69965.125,1.2094544370208389,146873589.005
Yogyakarta,2028,50.18579,0.037664295857724496,59490.73852783203
Aceh,2029,45440.547,0.9115989717953389,90721143.02499999
Bali,2029,214.68785,0.05874053680784394,386861.0667802429
Bangka Belitung,2029,34379.926,2.5794391531836034,35707334.71566406
Banten,2029,2296.5952,0.4088483496035858,4323822.776938477
Bengkulu,2029,28543.107,1.5899681050509693,52271848.914902344
Gorontalo,2029,4296.9004,0.4284436963498184,6733629.633144531
Jakarta Raya,2029,0.0103590265,0.0007956241545039937,3.421586450189352
Jambi,2029,95247.984,2.124087333949722,212532542.415
Jawa Barat,2029,5519.656,0.27499418399447734,9682911.316552734
Jawa Tengah,2029,3161.0874,0.2097570775193046,5394553.706469727
Jawa Timur,2029,4534.0522,0.23651046476815826,7604467.0866259765
Kalimantan Barat,2029,229673.53,1.6837742887873,498997900.935
Kalimantan Selatan,2029,38828.426,1.37786783363461,58425132.27304687
Kalimantan Tengah,2029,165229.48,1.1618793826838154,324419831.0960937
Kalimantan Timur,2029,106244.15,0.9066717429213198,226151294.3640625
Kalimantan Utara,2029,25450.46,0.372208681964922,57629769.24226563
Kepulauan Riau,2029,2019.073,0.2927126037355207,2949179.1653271485
Lampung,2029,14432.604,0.8093967025207346,28708468.957070313
Maluku,2029,8855.41,0.2135163233263796,18394635.084765624
Maluku Utara,2029,9207.313,0.2995943550679897,19902805.030341797
Nusa Tenggara Barat,2029,3157.9255,0.2783078288577455,6548116.497473144
Nusa Tenggara Timur,2029,2943.8774,0.12810222153496045,4624124.929863282
Papua,2029,25299.547,0.08556457455956622,54966807.5225
Papua Barat,2029,10142.983,0.10725981237419979,23972738.402539063
Riau,2029,94235.4,1.2006369195215463,155283916.60726562
Sulawesi Barat,2029,8315.329,0.5492784755805343,17181216.142939452
Sulawesi Selatan,2029,6135.1885,0.20194215568727017,12631555.498740233
Sulawesi Tengah,2029,36893.953,0.6519482421107077,76366055.694375
Sulawesi Tenggara,2029,31280.566,0.9886905210143503,63254622.96972656
Sulawesi Utara,2029,2406.1475,0.1843073700764377,5810509.257519531
Sumatera Barat,2029,27597.78,0.7242042309230962,70189708.06353515
Sumatera Selatan,2029,122275.23,1.7374565752112332,187128783.9789844
Sumatera Utara,2029,70882.95,1.2253205031245409,148800330.518125
Yogyakarta,2029,51.413334,0.03858556335533961,60945.880129890444
Aceh,2030,41828.312,0.8391326533068738,83509389.34
Bali,2030,200.11711,0.05475385069320346,360605.03087997437
Bangka Belitung,2030,30739.078,2.306275532788884,31925913.93140625
Banten,2030,2149.6746,0.38269299290697995,4047213.791887207
Bengkulu,2030,27811.162,1.5491957502994096,50931415.50576172
Gorontalo,2030,4015.6077,0.4003960145951053,6292818.617336426
Jakarta Raya,2030,0.027051764,0.002077708418513956,8.935197520069778
Jambi,2030,88304.734,1.9692486832609903,197039652.095
Jawa Barat,2030,4954.13,0.24681917919143181,8690831.888222655
Jawa Tengah,2030,2808.411,0.18635487903448553,4792693.602062988
Jawa Timur,2030,4154.9185,0.2167336506086527,6968587.686948242
Kalimantan Barat,2030,220390.06,1.6157156583176198,478828265.39
Kalimantan Selatan,2030,36339.38,1.2895413677409717,54679863.44023437
Kalimantan Tengah,2030,162380.77,1.1418474398667706,318826514.26640624
Kalimantan Timur,2030,99240.734,0.8469056501262711,211243827.19062498
Kalimantan Utara,2030,23491.8,0.34356360881810016,53194598.771054685
Kepulauan Riau,2030,1935.473,0.28059280095986217,2827068.024987793
Lampung,2030,13870.623,0.7778802032422183,27590611.127460938
Maluku,2030,8118.669,0.19575246238410857,16864261.50658203
Maluku Utara,2030,8512.325,0.27698031391136774,18400497.51194336
Nusa Tenggara Barat,2030,2830.6587,0.24946581715910013,5869512.329565429
Nusa Tenggara Timur,2030,2728.1892,0.11871659245150494,4285330.481904297
Papua,2030,23803.32,0.0805042471988599,51716045.84375
Papua Barat,2030,9359.7295,0.09897707506451674,22121533.46019531
Riau,2030,91058.6,1.1601618997605234,150049095.41273436
Sulawesi Barat,2030,7753.6577,0.5121766363982333,16020685.106987305
Sulawesi Selatan,2030,5802.984,0.1910075101978067,11947589.434848633
Sulawesi Tengah,2030,34065.914,0.6019743320455393,70512354.1996875
Sulawesi Tenggara,2030,29230.352,0.9238890095668615,59108740.01914062
Sulawesi Utara,2030,2252.9712,0.17257429226065638,5440610.011279297
Sumatera Barat,2030,25783.625,0.6765982912128327,65575751.29875
Sumatera Selatan,2030,114089.984,1.621149263761689,174602171.18765625
Sumatera Utara,2030,65279.438,1.1284551457686889,137037206.3775
Yogyakarta,2030,51.027214,0.038295781492958814,60488.169807357786
